Image ID, Detector, Descriptor, Matched Keypoints, TTC LiDAR, TTC Camera

0, HARRIS, BRISK, 0, 0, 0
1, HARRIS, BRISK, 74, 12.320080, nan
2, HARRIS, BRISK, 91, 12.219899, 10.585996
3, HARRIS, BRISK, 76, 14.746746, 26.290469
4, HARRIS, BRISK, 109, 16.509510, 10.978246
5, HARRIS, BRISK, 134, 15.583940, nan
6, HARRIS, BRISK, 124, 12.886679, nan
7, HARRIS, BRISK, 144, 11.981315, 11.694714
8, HARRIS, BRISK, 124, 13.120670, 17.620382
9, HARRIS, BRISK, 93, 13.020670, nan
10, HARRIS, BRISK, 77, 11.342427, nan
11, HARRIS, BRISK, 101, 12.588132, nan
12, HARRIS, BRISK, 87, 8.848173, nan
13, HARRIS, BRISK, 101, 9.960280, nan
14, HARRIS, BRISK, 99, 9.342840, nan
15, HARRIS, BRISK, 89, 8.363573, -13.626283
16, HARRIS, BRISK, 126, 10.278060, 6.657258
17, HARRIS, BRISK, 89, 9.611036, nan
18, HARRIS, BRISK, 73, 8.397584, nan
19, HARRIS, BRISK, 91, 8.842841, nan
20, HARRIS, BRISK, 117, 7.507805, 15.160489
21, HARRIS, BRISK, 116, 6.721826, 11.303524
22, HARRIS, BRISK, 110, 8.498739, nan
23, HARRIS, BRISK, 89, 8.080008, 12.420081
24, HARRIS, BRISK, 85, 7.329854, 9.900443
25, HARRIS, BRISK, 110, 6.985581, 14.516144
26, HARRIS, BRISK, 109, 6.964027, 12.701065
27, HARRIS, BRISK, 179, 6.943196, 70.306302
28, HARRIS, BRISK, 151, 8.386108, nan
29, HARRIS, BRISK, 155, 6.608878, nan
30, HARRIS, BRISK, 204, 10.335058, 10.863168
31, HARRIS, BRISK, 163, 10.056964, nan
32, HARRIS, BRISK, 95, 9.158701, -18.547624
33, HARRIS, BRISK, 90, 6.936604, -16.048689
34, HARRIS, BRISK, 141, 11.275957, 12.453898
35, HARRIS, BRISK, 92, 8.573839, nan
36, HARRIS, BRISK, 86, 9.188342, nan
37, HARRIS, BRISK, 168, 6.791257, 8.194107
38, HARRIS, BRISK, 116, 6.367849, 24.335612
39, HARRIS, BRISK, 118, 6.892141, nan
40, HARRIS, BRISK, 121, 5.925724, 6.056766
41, HARRIS, BRISK, 118, 5.661101, -20.814743
42, HARRIS, BRISK, 120, 6.190135, 115.817245
43, HARRIS, BRISK, 113, 6.497391, 11.436170
44, HARRIS, BRISK, 158, 5.778564, -20.903197
45, HARRIS, BRISK, 155, 7.144786, nan
46, HARRIS, BRISK, 141, 8.603588, nan
47, HARRIS, BRISK, 158, 8.201800, nan
48, HARRIS, BRISK, 153, 9.639516, nan
49, HARRIS, BRISK, 138, 12.752858, 126.312667
50, HARRIS, BRISK, 141, 13.017200, nan
51, HARRIS, BRISK, 211, 18.883202, nan
52, HARRIS, BRISK, 166, nan, nan
53, HARRIS, BRISK, 149, nan, nan
54, HARRIS, BRISK, 160, nan, nan
55, HARRIS, BRISK, 122, nan, nan
56, HARRIS, BRISK, 109, nan, nan
57, HARRIS, BRISK, 119, nan, nan
58, HARRIS, BRISK, 141, nan, nan
59, HARRIS, BRISK, 103, nan, nan
60, HARRIS, BRISK, 122, nan, nan

0, HARRIS, BRIEF, 0, 0, 0
1, HARRIS, BRIEF, 95, 12.320080, 10.908219
2, HARRIS, BRIEF, 120, 12.219899, nan
3, HARRIS, BRIEF, 95, 14.746746, nan
4, HARRIS, BRIEF, 146, 16.509510, 10.978246
5, HARRIS, BRIEF, 180, 15.583940, 35.383263
6, HARRIS, BRIEF, 174, 12.886679, 13.590710
7, HARRIS, BRIEF, 193, 11.981315, 13.496977
8, HARRIS, BRIEF, 174, 13.120670, nan
9, HARRIS, BRIEF, 122, 13.020670, nan
10, HARRIS, BRIEF, 109, 11.342427, 20.586216
11, HARRIS, BRIEF, 142, 12.588132, nan
12, HARRIS, BRIEF, 116, 8.848173, 12.244994
13, HARRIS, BRIEF, 131, 9.960280, 13.432725
14, HARRIS, BRIEF, 130, 9.342840, 5.606097
15, HARRIS, BRIEF, 121, 8.363573, nan
16, HARRIS, BRIEF, 174, 10.278060, 7.037751
17, HARRIS, BRIEF, 132, 9.611036, 12.584845
18, HARRIS, BRIEF, 100, 8.397584, nan
19, HARRIS, BRIEF, 135, 8.842841, 11.141484
20, HARRIS, BRIEF, 157, 7.507805, 12.872936
21, HARRIS, BRIEF, 152, 6.721826, 12.020898
22, HARRIS, BRIEF, 150, 8.498739, nan
23, HARRIS, BRIEF, 111, 8.080008, 11.730639
24, HARRIS, BRIEF, 110, 7.329854, 10.759948
25, HARRIS, BRIEF, 144, 6.985581, 14.516144
26, HARRIS, BRIEF, 132, 6.964027, 13.305091
27, HARRIS, BRIEF, 233, 6.943196, 70.306302
28, HARRIS, BRIEF, 196, 8.386108, 39.734148
29, HARRIS, BRIEF, 192, 6.608878, nan
30, HARRIS, BRIEF, 281, 10.335058, nan
31, HARRIS, BRIEF, 226, 10.056964, nan
32, HARRIS, BRIEF, 122, 9.158701, -17.321830
33, HARRIS, BRIEF, 105, 6.936604, 14.867341
34, HARRIS, BRIEF, 172, 11.275957, 11.769788
35, HARRIS, BRIEF, 121, 8.573839, 9.788064
36, HARRIS, BRIEF, 107, 9.188342, nan
37, HARRIS, BRIEF, 272, 6.791257, 7.126232
38, HARRIS, BRIEF, 146, 6.367849, 43.413914
39, HARRIS, BRIEF, 143, 6.892141, nan
40, HARRIS, BRIEF, 161, 5.925724, nan
41, HARRIS, BRIEF, 140, 5.661101, -23.173319
42, HARRIS, BRIEF, 139, 6.190135, 18.943586
43, HARRIS, BRIEF, 138, 6.497391, 120.766414
44, HARRIS, BRIEF, 192, 5.778564, -20.903197
45, HARRIS, BRIEF, 185, 7.144786, 183.342499
46, HARRIS, BRIEF, 185, 8.603588, -20.559215
47, HARRIS, BRIEF, 204, 8.201800, 18.426676
48, HARRIS, BRIEF, 193, 9.639516, nan
49, HARRIS, BRIEF, 163, 12.752858, nan
50, HARRIS, BRIEF, 164, 13.017200, nan
51, HARRIS, BRIEF, 258, 18.883202, nan
52, HARRIS, BRIEF, 196, nan, nan
53, HARRIS, BRIEF, 167, nan, nan
54, HARRIS, BRIEF, 169, nan, nan
55, HARRIS, BRIEF, 155, nan, -19.605963
56, HARRIS, BRIEF, 129, nan, 126.954742
57, HARRIS, BRIEF, 134, nan, nan
58, HARRIS, BRIEF, 172, nan, nan
59, HARRIS, BRIEF, 129, nan, nan
60, HARRIS, BRIEF, 132, nan, nan

0, HARRIS, ORB, 0, 0, 0
1, HARRIS, ORB, 93, 12.320080, 10.908219
2, HARRIS, ORB, 106, 12.219899, nan
3, HARRIS, ORB, 93, 14.746746, nan
4, HARRIS, ORB, 133, 16.509510, 10.978246
5, HARRIS, ORB, 173, 15.583940, 35.383263
6, HARRIS, ORB, 159, 12.886679, nan
7, HARRIS, ORB, 180, 11.981315, 13.190481
8, HARRIS, ORB, 160, 13.120670, nan
9, HARRIS, ORB, 105, 13.020670, nan
10, HARRIS, ORB, 97, 11.342427, nan
11, HARRIS, ORB, 131, 12.588132, 11.741430
12, HARRIS, ORB, 108, 8.848173, 12.244994
13, HARRIS, ORB, 126, 9.960280, nan
14, HARRIS, ORB, 119, 9.342840, 5.660966
15, HARRIS, ORB, 111, 8.363573, nan
16, HARRIS, ORB, 155, 10.278060, 10.932493
17, HARRIS, ORB, 115, 9.611036, 12.584845
18, HARRIS, ORB, 95, 8.397584, nan
19, HARRIS, ORB, 122, 8.842841, nan
20, HARRIS, ORB, 144, 7.507805, 13.061724
21, HARRIS, ORB, 151, 6.721826, 12.020898
22, HARRIS, ORB, 137, 8.498739, 13.536163
23, HARRIS, ORB, 100, 8.080008, nan
24, HARRIS, ORB, 105, 7.329854, 10.759948
25, HARRIS, ORB, 124, 6.985581, 14.516144
26, HARRIS, ORB, 130, 6.964027, 12.050750
27, HARRIS, ORB, 209, 6.943196, 11.125471
28, HARRIS, ORB, 181, 8.386108, 39.734148
29, HARRIS, ORB, 180, 6.608878, nan
30, HARRIS, ORB, 255, 10.335058, nan
31, HARRIS, ORB, 204, 10.056964, nan
32, HARRIS, ORB, 109, 9.158701, -17.321830
33, HARRIS, ORB, 106, 6.936604, nan
34, HARRIS, ORB, 167, 11.275957, 11.769788
35, HARRIS, ORB, 105, 8.573839, nan
36, HARRIS, ORB, 102, 9.188342, nan
37, HARRIS, ORB, 235, 6.791257, 8.645803
38, HARRIS, ORB, 138, 6.367849, 11.033955
39, HARRIS, ORB, 132, 6.892141, nan
40, HARRIS, ORB, 154, 5.925724, -19.809341
41, HARRIS, ORB, 132, 5.661101, 11.258069
42, HARRIS, ORB, 136, 6.190135, 18.943586
43, HARRIS, ORB, 136, 6.497391, 120.766414
44, HARRIS, ORB, 177, 5.778564, 20.038018
45, HARRIS, ORB, 174, 7.144786, nan
46, HARRIS, ORB, 168, 8.603588, -20.559215
47, HARRIS, ORB, 183, 8.201800, nan
48, HARRIS, ORB, 174, 9.639516, nan
49, HARRIS, ORB, 151, 12.752858, nan
50, HARRIS, ORB, 161, 13.017200, nan
51, HARRIS, ORB, 241, 18.883202, nan
52, HARRIS, ORB, 177, nan, nan
53, HARRIS, ORB, 152, nan, nan
54, HARRIS, ORB, 161, nan, nan
55, HARRIS, ORB, 139, nan, -22.985080
56, HARRIS, ORB, 123, nan, 126.954742
57, HARRIS, ORB, 125, nan, nan
58, HARRIS, ORB, 162, nan, nan
59, HARRIS, ORB, 121, nan, nan
60, HARRIS, ORB, 127, nan, nan

0, HARRIS, FREAK, 0, 0, 0
1, HARRIS, FREAK, 78, 12.320080, 21.816439
2, HARRIS, FREAK, 96, 12.219899, nan
3, HARRIS, FREAK, 79, 14.746746, nan
4, HARRIS, FREAK, 103, 16.509510, 12.128391
5, HARRIS, FREAK, 138, 15.583940, 39.584029
6, HARRIS, FREAK, 124, 12.886679, nan
7, HARRIS, FREAK, 128, 11.981315, 12.337898
8, HARRIS, FREAK, 131, 13.120670, 12.916210
9, HARRIS, FREAK, 88, 13.020670, nan
10, HARRIS, FREAK, 74, 11.342427, nan
11, HARRIS, FREAK, 102, 12.588132, nan
12, HARRIS, FREAK, 88, 8.848173, nan
13, HARRIS, FREAK, 103, 9.960280, 13.432725
14, HARRIS, FREAK, 102, 9.342840, nan
15, HARRIS, FREAK, 87, 8.363573, nan
16, HARRIS, FREAK, 128, 10.278060, 6.717055
17, HARRIS, FREAK, 92, 9.611036, nan
18, HARRIS, FREAK, 75, 8.397584, nan
19, HARRIS, FREAK, 105, 8.842841, nan
20, HARRIS, FREAK, 116, 7.507805, 15.160489
21, HARRIS, FREAK, 129, 6.721826, 11.303524
22, HARRIS, FREAK, 115, 8.498739, nan
23, HARRIS, FREAK, 88, 8.080008, nan
24, HARRIS, FREAK, 76, 7.329854, 11.622984
25, HARRIS, FREAK, 106, 6.985581, nan
26, HARRIS, FREAK, 106, 6.964027, 12.320243
27, HARRIS, FREAK, 172, 6.943196, 73.737637
28, HARRIS, FREAK, 145, 8.386108, 16.954060
29, HARRIS, FREAK, 146, 6.608878, nan
30, HARRIS, FREAK, 200, 10.335058, 12.033928
31, HARRIS, FREAK, 162, 10.056964, nan
32, HARRIS, FREAK, 89, 9.158701, -18.805656
33, HARRIS, FREAK, 85, 6.936604, nan
34, HARRIS, FREAK, 132, 11.275957, 10.989005
35, HARRIS, FREAK, 91, 8.573839, 8.526788
36, HARRIS, FREAK, 83, 9.188342, nan
37, HARRIS, FREAK, 189, 6.791257, 8.194107
38, HARRIS, FREAK, 114, 6.367849, 11.800000
39, HARRIS, FREAK, 107, 6.892141, 17.500570
40, HARRIS, FREAK, 122, 5.925724, 6.285899
41, HARRIS, FREAK, 110, 5.661101, -24.243135
42, HARRIS, FREAK, 112, 6.190135, 115.817245
43, HARRIS, FREAK, 112, 6.497391, -7507.899999
44, HARRIS, FREAK, 147, 5.778564, 11.415380
45, HARRIS, FREAK, 150, 7.144786, 11.749351
46, HARRIS, FREAK, 145, 8.603588, -20.559215
47, HARRIS, FREAK, 165, 8.201800, 18.222617
48, HARRIS, FREAK, 150, 9.639516, 5856.499998
49, HARRIS, FREAK, 140, 12.752858, 352.886857
50, HARRIS, FREAK, 139, 13.017200, 19.532737
51, HARRIS, FREAK, 207, 18.883202, nan
52, HARRIS, FREAK, 156, nan, nan
53, HARRIS, FREAK, 138, nan, nan
54, HARRIS, FREAK, 154, nan, nan
55, HARRIS, FREAK, 112, nan, nan
56, HARRIS, FREAK, 112, nan, nan
57, HARRIS, FREAK, 113, nan, nan
58, HARRIS, FREAK, 139, nan, nan
59, HARRIS, FREAK, 111, nan, nan
60, HARRIS, FREAK, 122, nan, nan

0, HARRIS, SIFT, 0, 0, 0
1, HARRIS, SIFT, 98, 12.320080, 10.908219
2, HARRIS, SIFT, 120, 12.219899, nan
3, HARRIS, SIFT, 104, 14.746746, -11.473146
4, HARRIS, SIFT, 147, 16.509510, 10.978246
5, HARRIS, SIFT, 200, 15.583940, 35.383263
6, HARRIS, SIFT, 196, 12.886679, 13.621705
7, HARRIS, SIFT, 202, 11.981315, nan
8, HARRIS, SIFT, 192, 13.120670, nan
9, HARRIS, SIFT, 123, 13.020670, nan
10, HARRIS, SIFT, 117, 11.342427, 10.293108
11, HARRIS, SIFT, 148, 12.588132, 11.741430
12, HARRIS, SIFT, 120, 8.848173, 12.244994
13, HARRIS, SIFT, 137, 9.960280, nan
14, HARRIS, SIFT, 138, 9.342840, 5.606097
15, HARRIS, SIFT, 127, 8.363573, -13.626283
16, HARRIS, SIFT, 188, 10.278060, 7.037751
17, HARRIS, SIFT, 127, 9.611036, 12.584845
18, HARRIS, SIFT, 112, 8.397584, nan
19, HARRIS, SIFT, 136, 8.842841, nan
20, HARRIS, SIFT, 163, 7.507805, 15.160489
21, HARRIS, SIFT, 170, 6.721826, 12.120576
22, HARRIS, SIFT, 173, 8.498739, 12.876473
23, HARRIS, SIFT, 113, 8.080008, 12.844522
24, HARRIS, SIFT, 113, 7.329854, 10.759948
25, HARRIS, SIFT, 150, 6.985581, 14.610922
26, HARRIS, SIFT, 145, 6.964027, 13.305091
27, HARRIS, SIFT, 255, 6.943196, 43.467853
28, HARRIS, SIFT, 218, 8.386108, 16.105573
29, HARRIS, SIFT, 208, 6.608878, 13.822911
30, HARRIS, SIFT, 306, 10.335058, nan
31, HARRIS, SIFT, 246, 10.056964, nan
32, HARRIS, SIFT, 120, 9.158701, -17.321830
33, HARRIS, SIFT, 110, 6.936604, 14.867341
34, HARRIS, SIFT, 188, 11.275957, 12.176084
35, HARRIS, SIFT, 118, 8.573839, nan
36, HARRIS, SIFT, 109, 9.188342, nan
37, HARRIS, SIFT, 262, 6.791257, 11.958446
38, HARRIS, SIFT, 149, 6.367849, 43.413914
39, HARRIS, SIFT, 153, 6.892141, nan
40, HARRIS, SIFT, 165, 5.925724, -19.809341
41, HARRIS, SIFT, 143, 5.661101, nan
42, HARRIS, SIFT, 143, 6.190135, 18.943586
43, HARRIS, SIFT, 140, 6.497391, 120.766414
44, HARRIS, SIFT, 202, 5.778564, nan
45, HARRIS, SIFT, 201, 7.144786, 183.342499
46, HARRIS, SIFT, 194, 8.603588, -20.559215
47, HARRIS, SIFT, 214, 8.201800, nan
48, HARRIS, SIFT, 200, 9.639516, nan
49, HARRIS, SIFT, 168, 12.752858, nan
50, HARRIS, SIFT, 174, 13.017200, nan
51, HARRIS, SIFT, 290, 18.883202, nan
52, HARRIS, SIFT, 200, nan, nan
53, HARRIS, SIFT, 176, nan, nan
54, HARRIS, SIFT, 184, nan, nan
55, HARRIS, SIFT, 168, nan, -19.605963
56, HARRIS, SIFT, 143, nan, nan
57, HARRIS, SIFT, 145, nan, nan
58, HARRIS, SIFT, 180, nan, nan
59, HARRIS, SIFT, 146, nan, nan
60, HARRIS, SIFT, 138, nan, nan

0, FAST, BRISK, 0, 0, 0
1, FAST, BRISK, 1023, 12.320080, 12.300000
2, FAST, BRISK, 994, 12.219899, 12.345282
3, FAST, BRISK, 962, 14.746746, 16.616273
4, FAST, BRISK, 960, 16.509510, 12.885663
5, FAST, BRISK, 1016, 15.583940, nan
6, FAST, BRISK, 969, 12.886679, 13.038573
7, FAST, BRISK, 917, 11.981315, 12.040983
8, FAST, BRISK, 925, 13.120670, 11.406610
9, FAST, BRISK, 927, 13.020670, 11.868356
10, FAST, BRISK, 956, 11.342427, 13.347326
11, FAST, BRISK, 954, 12.588132, 12.949216
12, FAST, BRISK, 965, 8.848173, 12.117402
13, FAST, BRISK, 966, 9.960280, 12.778433
14, FAST, BRISK, 998, 9.342840, 11.607725
15, FAST, BRISK, 1004, 8.363573, 11.407860
16, FAST, BRISK, 1037, 10.278060, 12.256560
17, FAST, BRISK, 1095, 9.611036, 9.293304
18, FAST, BRISK, 1068, 8.397584, 11.860611
19, FAST, BRISK, 990, 8.842841, 11.412450
20, FAST, BRISK, 1078, 7.507805, 12.849806
21, FAST, BRISK, 1095, 6.721826, 13.195063
22, FAST, BRISK, 1095, 8.498739, 11.780525
23, FAST, BRISK, 1138, 8.080008, 10.206101
24, FAST, BRISK, 1109, 7.329854, 12.417875
25, FAST, BRISK, 1123, 6.985581, 13.518450
26, FAST, BRISK, 1140, 6.964027, 11.557213
27, FAST, BRISK, 1136, 6.943196, 11.964278
28, FAST, BRISK, 1173, 8.386108, 11.670231
29, FAST, BRISK, 1146, 6.608878, 11.290914
30, FAST, BRISK, 1144, 10.335058, 13.850082
31, FAST, BRISK, 1186, 10.056964, 14.882820
32, FAST, BRISK, 1235, 9.158701, 12.402701
33, FAST, BRISK, 1207, 6.936604, 14.563279
34, FAST, BRISK, 1219, 11.275957, 11.314210
35, FAST, BRISK, 1238, 8.573839, 15.341570
36, FAST, BRISK, 1285, 9.188342, 12.343584
37, FAST, BRISK, 1269, 6.791257, 8.850281
38, FAST, BRISK, 1243, 6.367849, 14.262172
39, FAST, BRISK, 1275, 6.892141, 10.217219
40, FAST, BRISK, 1336, 5.925724, 8.783571
41, FAST, BRISK, 1281, 5.661101, 8.044604
42, FAST, BRISK, 1336, 6.190135, 7.920127
43, FAST, BRISK, 1359, 6.497391, 7.189515
44, FAST, BRISK, 1349, 5.778564, 8.452543
45, FAST, BRISK, 1301, 7.144786, 12.552253
46, FAST, BRISK, 1333, 8.603588, 9.273566
47, FAST, BRISK, 1293, 8.201800, 12.828016
48, FAST, BRISK, 1305, 9.639516, 12.412613
49, FAST, BRISK, 1355, 12.752858, 14.143663
50, FAST, BRISK, 1417, 13.017200, 18.177926
51, FAST, BRISK, 1447, 18.883202, 19.762096
52, FAST, BRISK, 1437, nan, nan
53, FAST, BRISK, 1478, nan, nan
54, FAST, BRISK, 1515, nan, nan
55, FAST, BRISK, 1316, nan, nan
56, FAST, BRISK, 1292, nan, nan
57, FAST, BRISK, 1425, nan, nan
58, FAST, BRISK, 1390, nan, nan
59, FAST, BRISK, 1263, nan, nan
60, FAST, BRISK, 1447, nan, nan

0, FAST, BRIEF, 0, 0, 0
1, FAST, BRIEF, 1305, 12.320080, 11.177575
2, FAST, BRIEF, 1333, 12.219899, 13.006897
3, FAST, BRIEF, 1308, 14.746746, 14.820583
4, FAST, BRIEF, 1252, 16.509510, 13.248256
5, FAST, BRIEF, 1284, 15.583940, nan
6, FAST, BRIEF, 1274, 12.886679, 41.782307
7, FAST, BRIEF, 1242, 11.981315, 12.758325
8, FAST, BRIEF, 1237, 13.120670, 12.766404
9, FAST, BRIEF, 1277, 13.020670, 13.923081
10, FAST, BRIEF, 1237, 11.342427, 16.214137
11, FAST, BRIEF, 1252, 12.588132, 13.635546
12, FAST, BRIEF, 1275, 8.848173, 12.983142
13, FAST, BRIEF, 1246, 9.960280, 13.148670
14, FAST, BRIEF, 1265, 9.342840, 11.703404
15, FAST, BRIEF, 1238, 8.363573, 12.607115
16, FAST, BRIEF, 1297, 10.278060, 14.551571
17, FAST, BRIEF, 1348, 9.611036, 11.341063
18, FAST, BRIEF, 1355, 8.397584, 13.790759
19, FAST, BRIEF, 1356, 8.842841, 41.284048
20, FAST, BRIEF, 1395, 7.507805, 13.265749
21, FAST, BRIEF, 1412, 6.721826, 12.287893
22, FAST, BRIEF, 1431, 8.498739, 14.344600
23, FAST, BRIEF, 1441, 8.080008, 11.967784
24, FAST, BRIEF, 1446, 7.329854, 13.148670
25, FAST, BRIEF, 1427, 6.985581, 10.869048
26, FAST, BRIEF, 1447, 6.964027, 12.954121
27, FAST, BRIEF, 1440, 6.943196, 13.518515
28, FAST, BRIEF, 1477, 8.386108, 14.095245
29, FAST, BRIEF, 1495, 6.608878, 13.250570
30, FAST, BRIEF, 1505, 10.335058, 12.397442
31, FAST, BRIEF, 1538, 10.056964, 23.236648
32, FAST, BRIEF, 1559, 9.158701, 17.237318
33, FAST, BRIEF, 1575, 6.936604, 62.599455
34, FAST, BRIEF, 1545, 11.275957, 16.778471
35, FAST, BRIEF, 1573, 8.573839, 13.668891
36, FAST, BRIEF, 1605, 9.188342, 12.658742
37, FAST, BRIEF, 1587, 6.791257, 13.222785
38, FAST, BRIEF, 1554, 6.367849, 14.774507
39, FAST, BRIEF, 1620, 6.892141, 52.531348
40, FAST, BRIEF, 1622, 5.925724, 18.102545
41, FAST, BRIEF, 1612, 5.661101, 7.875634
42, FAST, BRIEF, 1619, 6.190135, 16.473557
43, FAST, BRIEF, 1676, 6.497391, 19.484886
44, FAST, BRIEF, 1661, 5.778564, 14.034438
45, FAST, BRIEF, 1628, 7.144786, 21.553286
46, FAST, BRIEF, 1605, 8.603588, 15.815773
47, FAST, BRIEF, 1603, 8.201800, 15.277928
48, FAST, BRIEF, 1593, 9.639516, 16.380394
49, FAST, BRIEF, 1641, 12.752858, 17.327072
50, FAST, BRIEF, 1675, 13.017200, 22.352091
51, FAST, BRIEF, 1700, 18.883202, 24.518698
52, FAST, BRIEF, 1670, nan, nan
53, FAST, BRIEF, 1692, nan, nan
54, FAST, BRIEF, 1707, nan, nan
55, FAST, BRIEF, 1596, nan, nan
56, FAST, BRIEF, 1591, nan, nan
57, FAST, BRIEF, 1653, nan, nan
58, FAST, BRIEF, 1621, nan, nan
59, FAST, BRIEF, 1543, nan, nan
60, FAST, BRIEF, 1654, nan, nan

0, FAST, ORB, 0, 0, 0
1, FAST, ORB, 1220, 12.320080, 12.201870
2, FAST, ORB, 1234, 12.219899, 12.934828
3, FAST, ORB, 1238, 14.746746, 26.572394
4, FAST, ORB, 1188, 16.509510, 14.068845
5, FAST, ORB, 1232, 15.583940, nan
6, FAST, ORB, 1193, 12.886679, 55.978844
7, FAST, ORB, 1141, 11.981315, 12.934828
8, FAST, ORB, 1167, 13.120670, 12.186040
9, FAST, ORB, 1171, 13.020670, 12.871126
10, FAST, ORB, 1142, 11.342427, nan
11, FAST, ORB, 1160, 12.588132, nan
12, FAST, ORB, 1188, 8.848173, 12.983142
13, FAST, ORB, 1157, 9.960280, 13.562908
14, FAST, ORB, 1162, 9.342840, 11.296107
15, FAST, ORB, 1172, 8.363573, 10.713275
16, FAST, ORB, 1244, 10.278060, 12.101945
17, FAST, ORB, 1243, 9.611036, 11.951042
18, FAST, ORB, 1266, 8.397584, 109.968649
19, FAST, ORB, 1236, 8.842841, 19.794214
20, FAST, ORB, 1323, 7.507805, 13.076629
21, FAST, ORB, 1315, 6.721826, 12.278166
22, FAST, ORB, 1340, 8.498739, 10.810506
23, FAST, ORB, 1352, 8.080008, 9.625932
24, FAST, ORB, 1360, 7.329854, 9.161174
25, FAST, ORB, 1361, 6.985581, 14.366072
26, FAST, ORB, 1366, 6.964027, 13.878718
27, FAST, ORB, 1361, 6.943196, 42.404780
28, FAST, ORB, 1367, 8.386108, 13.163589
29, FAST, ORB, 1414, 6.608878, 12.218521
30, FAST, ORB, 1423, 10.335058, 16.223933
31, FAST, ORB, 1471, 10.056964, 14.165929
32, FAST, ORB, 1489, 9.158701, 16.357540
33, FAST, ORB, 1499, 6.936604, 15.967108
34, FAST, ORB, 1488, 11.275957, 16.672980
35, FAST, ORB, 1476, 8.573839, 10.593090
36, FAST, ORB, 1538, 9.188342, 12.628459
37, FAST, ORB, 1509, 6.791257, 8.783445
38, FAST, ORB, 1503, 6.367849, 15.015912
39, FAST, ORB, 1548, 6.892141, 59.904327
40, FAST, ORB, 1557, 5.925724, 7.790704
41, FAST, ORB, 1507, 5.661101, 14.583162
42, FAST, ORB, 1558, 6.190135, 10.176071
43, FAST, ORB, 1598, 6.497391, 7.583006
44, FAST, ORB, 1580, 5.778564, 9.208758
45, FAST, ORB, 1565, 7.144786, 13.295013
46, FAST, ORB, 1562, 8.603588, 10.662512
47, FAST, ORB, 1542, 8.201800, 15.214341
48, FAST, ORB, 1516, 9.639516, 24.630851
49, FAST, ORB, 1584, 12.752858, 13.379466
50, FAST, ORB, 1596, 13.017200, 23.871419
51, FAST, ORB, 1618, 18.883202, 18.863781
52, FAST, ORB, 1602, nan, nan
53, FAST, ORB, 1625, nan, nan
54, FAST, ORB, 1621, nan, nan
55, FAST, ORB, 1533, nan, nan
56, FAST, ORB, 1536, nan, nan
57, FAST, ORB, 1583, nan, nan
58, FAST, ORB, 1538, nan, nan
59, FAST, ORB, 1502, nan, nan
60, FAST, ORB, 1601, nan, nan

0, FAST, FREAK, 0, 0, 0
1, FAST, FREAK, 959, 12.320080, 51.577224
2, FAST, FREAK, 950, 12.219899, 16.138734
3, FAST, FREAK, 944, 14.746746, 13.406883
4, FAST, FREAK, 889, 16.509510, 14.031572
5, FAST, FREAK, 969, 15.583940, 99.764261
6, FAST, FREAK, 917, 12.886679, 12.329150
7, FAST, FREAK, 886, 11.981315, 12.753004
8, FAST, FREAK, 883, 13.120670, 11.546717
9, FAST, FREAK, 865, 13.020670, nan
10, FAST, FREAK, 897, 11.342427, 13.416893
11, FAST, FREAK, 930, 12.588132, 13.019157
12, FAST, FREAK, 898, 8.848173, 12.036413
13, FAST, FREAK, 923, 9.960280, 11.659949
14, FAST, FREAK, 952, 9.342840, 11.348694
15, FAST, FREAK, 930, 8.363573, 11.029640
16, FAST, FREAK, 957, 10.278060, 12.101945
17, FAST, FREAK, 1011, 9.611036, 11.067669
18, FAST, FREAK, 989, 8.397584, 11.860611
19, FAST, FREAK, 928, 8.842841, 11.322027
20, FAST, FREAK, 1033, 7.507805, 11.464095
21, FAST, FREAK, 1053, 6.721826, 10.337069
22, FAST, FREAK, 1043, 8.498739, 11.202542
23, FAST, FREAK, 1079, 8.080008, 9.140308
24, FAST, FREAK, 1035, 7.329854, 8.590169
25, FAST, FREAK, 1026, 6.985581, 10.833180
26, FAST, FREAK, 1072, 6.964027, 11.941005
27, FAST, FREAK, 1077, 6.943196, 12.424907
28, FAST, FREAK, 1089, 8.386108, 11.910610
29, FAST, FREAK, 1091, 6.608878, 11.254089
30, FAST, FREAK, 1046, 10.335058, 12.718282
31, FAST, FREAK, 1129, 10.056964, 14.165929
32, FAST, FREAK, 1190, 9.158701, 12.507171
33, FAST, FREAK, 1108, 6.936604, 15.182988
34, FAST, FREAK, 1194, 11.275957, 10.247727
35, FAST, FREAK, 1169, 8.573839, 9.381527
36, FAST, FREAK, 1243, 9.188342, 8.637265
37, FAST, FREAK, 1221, 6.791257, 12.503187
38, FAST, FREAK, 1153, 6.367849, 9.281306
39, FAST, FREAK, 1265, 6.892141, 9.440637
40, FAST, FREAK, 1256, 5.925724, 8.775207
41, FAST, FREAK, 1197, 5.661101, 7.755627
42, FAST, FREAK, 1290, 6.190135, 10.473099
43, FAST, FREAK, 1287, 6.497391, 7.272786
44, FAST, FREAK, 1288, 5.778564, 8.791075
45, FAST, FREAK, 1243, 7.144786, 8.172636
46, FAST, FREAK, 1269, 8.603588, 9.412373
47, FAST, FREAK, 1236, 8.201800, 10.515792
48, FAST, FREAK, 1237, 9.639516, 12.652741
49, FAST, FREAK, 1279, 12.752858, 14.493093
50, FAST, FREAK, 1327, 13.017200, 21.617415
51, FAST, FREAK, 1361, 18.883202, 19.855871
52, FAST, FREAK, 1365, nan, nan
53, FAST, FREAK, 1377, nan, nan
54, FAST, FREAK, 1455, nan, nan
55, FAST, FREAK, 1185, nan, nan
56, FAST, FREAK, 1221, nan, nan
57, FAST, FREAK, 1329, nan, nan
58, FAST, FREAK, 1300, nan, nan
59, FAST, FREAK, 1169, nan, nan
60, FAST, FREAK, 1389, nan, nan

0, FAST, SIFT, 0, 0, 0
1, FAST, SIFT, 1424, 12.320080, 12.331682
2, FAST, SIFT, 1446, 12.219899, 12.825952
3, FAST, SIFT, 1383, 14.746746, 18.774277
4, FAST, SIFT, 1389, 16.509510, 15.489686
5, FAST, SIFT, 1449, 15.583940, nan
6, FAST, SIFT, 1425, 12.886679, 74.567208
7, FAST, SIFT, 1377, 11.981315, 12.728236
8, FAST, SIFT, 1345, 13.120670, 12.653649
9, FAST, SIFT, 1385, 13.020670, 13.851991
10, FAST, SIFT, 1392, 11.342427, 17.146740
11, FAST, SIFT, 1350, 12.588132, 13.793456
12, FAST, SIFT, 1368, 8.848173, 13.071736
13, FAST, SIFT, 1368, 9.960280, 13.507065
14, FAST, SIFT, 1386, 9.342840, 13.190203
15, FAST, SIFT, 1386, 8.363573, 12.607115
16, FAST, SIFT, 1446, 10.278060, 14.140712
17, FAST, SIFT, 1445, 9.611036, 12.032650
18, FAST, SIFT, 1465, 8.397584, 13.150194
19, FAST, SIFT, 1495, 8.842841, 37.443993
20, FAST, SIFT, 1525, 7.507805, 12.420787
21, FAST, SIFT, 1527, 6.721826, 12.342616
22, FAST, SIFT, 1540, 8.498739, 15.061439
23, FAST, SIFT, 1570, 8.080008, 12.081727
24, FAST, SIFT, 1563, 7.329854, 13.203019
25, FAST, SIFT, 1572, 6.985581, 13.468116
26, FAST, SIFT, 1588, 6.964027, 12.952531
27, FAST, SIFT, 1591, 6.943196, 17.177627
28, FAST, SIFT, 1621, 8.386108, 14.087090
29, FAST, SIFT, 1612, 6.608878, 13.150562
30, FAST, SIFT, 1610, 10.335058, 16.178100
31, FAST, SIFT, 1656, 10.056964, 23.224704
32, FAST, SIFT, 1681, 9.158701, 16.984200
33, FAST, SIFT, 1706, 6.936604, 54.372078
34, FAST, SIFT, 1696, 11.275957, 16.078697
35, FAST, SIFT, 1655, 8.573839, 13.830808
36, FAST, SIFT, 1738, 9.188342, 12.683846
37, FAST, SIFT, 1719, 6.791257, 13.426594
38, FAST, SIFT, 1667, 6.367849, 15.628436
39, FAST, SIFT, 1724, 6.892141, 36.501094
40, FAST, SIFT, 1731, 5.925724, 50.904188
41, FAST, SIFT, 1724, 5.661101, 15.602543
42, FAST, SIFT, 1757, 6.190135, 43.391276
43, FAST, SIFT, 1780, 6.497391, 12.336624
44, FAST, SIFT, 1777, 5.778564, 18.680675
45, FAST, SIFT, 1762, 7.144786, 19.540438
46, FAST, SIFT, 1754, 8.603588, 16.406139
47, FAST, SIFT, 1723, 8.201800, 15.614051
48, FAST, SIFT, 1696, 9.639516, 16.445753
49, FAST, SIFT, 1738, 12.752858, 17.425773
50, FAST, SIFT, 1804, 13.017200, 23.073595
51, FAST, SIFT, 1832, 18.883202, 24.323677
52, FAST, SIFT, 1830, nan, nan
53, FAST, SIFT, 1832, nan, nan
54, FAST, SIFT, 1872, nan, nan
55, FAST, SIFT, 1766, nan, nan
56, FAST, SIFT, 1762, nan, nan
57, FAST, SIFT, 1806, nan, nan
58, FAST, SIFT, 1771, nan, nan
59, FAST, SIFT, 1703, nan, nan
60, FAST, SIFT, 1800, nan, nan

0, BRISK, BRISK, 0, 0, 0
1, BRISK, BRISK, 1578, 12.320080, 13.031013
2, BRISK, BRISK, 1631, 12.219899, 23.102704
3, BRISK, BRISK, 1589, 14.746746, 18.998933
4, BRISK, BRISK, 1510, 16.509510, 15.203116
5, BRISK, BRISK, 1497, 15.583940, 26.094936
6, BRISK, BRISK, 1525, 12.886679, 16.426118
7, BRISK, BRISK, 1500, 11.981315, 16.856280
8, BRISK, BRISK, 1494, 13.120670, 23.428792
9, BRISK, BRISK, 1529, 13.020670, 15.464508
10, BRISK, BRISK, 1497, 11.342427, 13.412117
11, BRISK, BRISK, 1564, 12.588132, 12.136334
12, BRISK, BRISK, 1562, 8.848173, 11.010747
13, BRISK, BRISK, 1553, 9.960280, 11.850547
14, BRISK, BRISK, 1588, 9.342840, 12.037588
15, BRISK, BRISK, 1682, 8.363573, 16.032303
16, BRISK, BRISK, 1687, 10.278060, 11.296855
17, BRISK, BRISK, 1682, 9.611036, 9.898668
18, BRISK, BRISK, 1775, 8.397584, 13.034761
19, BRISK, BRISK, 1690, 8.842841, 15.098688
20, BRISK, BRISK, 1695, 7.507805, 10.425490
21, BRISK, BRISK, 1758, 6.721826, 9.812842
22, BRISK, BRISK, 1763, 8.498739, 15.379209
23, BRISK, BRISK, 1831, 8.080008, 11.495797
24, BRISK, BRISK, 1819, 7.329854, 10.164500
25, BRISK, BRISK, 1878, 6.985581, 11.067796
26, BRISK, BRISK, 1876, 6.964027, 18.292415
27, BRISK, BRISK, 1909, 6.943196, 13.658757
28, BRISK, BRISK, 1881, 8.386108, 13.668560
29, BRISK, BRISK, 1870, 6.608878, 23.297167
30, BRISK, BRISK, 1878, 10.335058, 28.207214
31, BRISK, BRISK, 1917, 10.056964, 17.476469
32, BRISK, BRISK, 2014, 9.158701, 26.133099
33, BRISK, BRISK, 1934, 6.936604, 15.614837
34, BRISK, BRISK, 2059, 11.275957, 13.304066
35, BRISK, BRISK, 1969, 8.573839, 17.035169
36, BRISK, BRISK, 2121, 9.188342, 9.651557
37, BRISK, BRISK, 2037, 6.791257, 13.319919
38, BRISK, BRISK, 1980, 6.367849, 13.321728
39, BRISK, BRISK, 2116, 6.892141, 36.762621
40, BRISK, BRISK, 2199, 5.925724, 12.411076
41, BRISK, BRISK, 2105, 5.661101, 19.163127
42, BRISK, BRISK, 2172, 6.190135, 16.819864
43, BRISK, BRISK, 2194, 6.497391, 12.582628
44, BRISK, BRISK, 2210, 5.778564, 8.572364
45, BRISK, BRISK, 2191, 7.144786, 26.510824
46, BRISK, BRISK, 2151, 8.603588, 18.816082
47, BRISK, BRISK, 2141, 8.201800, 10.580893
48, BRISK, BRISK, 2164, 9.639516, 22.200591
49, BRISK, BRISK, 2236, 12.752858, 14.243740
50, BRISK, BRISK, 2279, 13.017200, 21.613388
51, BRISK, BRISK, 2317, 18.883202, 36.443735
52, BRISK, BRISK, 2414, nan, 56.076075
53, BRISK, BRISK, 2385, nan, 133.819419
54, BRISK, BRISK, 2497, nan, -183.239581
55, BRISK, BRISK, 2061, nan, -85.997068
56, BRISK, BRISK, 2096, nan, 528.670692
57, BRISK, BRISK, 2369, nan, 5986.761264
58, BRISK, BRISK, 2316, nan, -270.520194
59, BRISK, BRISK, 2025, nan, -774.998497
60, BRISK, BRISK, 2450, nan, -1617.023876

0, BRISK, BRIEF, 0, 0, 0
1, BRISK, BRIEF, 1702, 12.320080, 15.849072
2, BRISK, BRIEF, 1777, 12.219899, 26.023004
3, BRISK, BRIEF, 1805, 14.746746, 21.672818
4, BRISK, BRIEF, 1705, 16.509510, 23.618613
5, BRISK, BRIEF, 1715, 15.583940, 26.675177
6, BRISK, BRIEF, 1747, 12.886679, 49.054128
7, BRISK, BRIEF, 1678, 11.981315, 25.286738
8, BRISK, BRIEF, 1675, 13.120670, 18.406368
9, BRISK, BRIEF, 1737, 13.020670, 24.177677
10, BRISK, BRIEF, 1708, 11.342427, 19.133637
11, BRISK, BRIEF, 1741, 12.588132, 21.944723
12, BRISK, BRIEF, 1742, 8.848173, 17.875698
13, BRISK, BRIEF, 1721, 9.960280, 17.924288
14, BRISK, BRIEF, 1764, 9.342840, 17.230997
15, BRISK, BRIEF, 1850, 8.363573, 11.053967
16, BRISK, BRIEF, 1838, 10.278060, 17.194973
17, BRISK, BRIEF, 1908, 9.611036, 15.307591
18, BRISK, BRIEF, 1956, 8.397584, 18.143898
19, BRISK, BRIEF, 1964, 8.842841, 16.891977
20, BRISK, BRIEF, 1953, 7.507805, 10.260141
21, BRISK, BRIEF, 1929, 6.721826, 14.070477
22, BRISK, BRIEF, 1975, 8.498739, 15.263790
23, BRISK, BRIEF, 2024, 8.080008, 15.430713
24, BRISK, BRIEF, 1962, 7.329854, 15.720306
25, BRISK, BRIEF, 2003, 6.985581, 10.076747
26, BRISK, BRIEF, 2038, 6.964027, 19.103478
27, BRISK, BRIEF, 2098, 6.943196, 16.954921
28, BRISK, BRIEF, 2087, 8.386108, 13.362864
29, BRISK, BRIEF, 2093, 6.608878, 25.234092
30, BRISK, BRIEF, 2170, 10.335058, 23.481766
31, BRISK, BRIEF, 2164, 10.056964, 26.857162
32, BRISK, BRIEF, 2208, 9.158701, 24.803395
33, BRISK, BRIEF, 2220, 6.936604, 32.148455
34, BRISK, BRIEF, 2303, 11.275957, 18.797702
35, BRISK, BRIEF, 2216, 8.573839, 19.509498
36, BRISK, BRIEF, 2289, 9.188342, 15.851883
37, BRISK, BRIEF, 2276, 6.791257, 8.426935
38, BRISK, BRIEF, 2241, 6.367849, 23.156632
39, BRISK, BRIEF, 2344, 6.892141, 34.552286
40, BRISK, BRIEF, 2356, 5.925724, 22.548549
41, BRISK, BRIEF, 2338, 5.661101, 17.726261
42, BRISK, BRIEF, 2346, 6.190135, 25.047235
43, BRISK, BRIEF, 2325, 6.497391, 27.834636
44, BRISK, BRIEF, 2344, 5.778564, 19.133713
45, BRISK, BRIEF, 2335, 7.144786, 17.168051
46, BRISK, BRIEF, 2334, 8.603588, 30.347840
47, BRISK, BRIEF, 2273, 8.201800, 20.893434
48, BRISK, BRIEF, 2324, 9.639516, 20.420013
49, BRISK, BRIEF, 2406, 12.752858, 13.139838
50, BRISK, BRIEF, 2438, 13.017200, 34.980494
51, BRISK, BRIEF, 2445, 18.883202, 25.995045
52, BRISK, BRIEF, 2522, nan, 80.887878
53, BRISK, BRIEF, 2459, nan, 125.518706
54, BRISK, BRIEF, 2538, nan, -376.214129
55, BRISK, BRIEF, 2328, nan, -142.616116
56, BRISK, BRIEF, 2325, nan, 315.924652
57, BRISK, BRIEF, 2507, nan, 908.569369
58, BRISK, BRIEF, 2437, nan, -242.258605
59, BRISK, BRIEF, 2266, nan, -499.217933
60, BRISK, BRIEF, 2513, nan, 3894.706127

0, BRISK, ORB, 0, 0, 0
1, BRISK, ORB, 1480, 12.320080, 33.170565
2, BRISK, ORB, 1523, 12.219899, 18.409591
3, BRISK, ORB, 1517, 14.746746, 18.559096
4, BRISK, ORB, 1436, 16.509510, 18.115019
5, BRISK, ORB, 1422, 15.583940, 19.181151
6, BRISK, ORB, 1436, 12.886679, 19.425573
7, BRISK, ORB, 1415, 11.981315, 17.900421
8, BRISK, ORB, 1431, 13.120670, 17.503130
9, BRISK, ORB, 1440, 13.020670, 14.340733
10, BRISK, ORB, 1463, 11.342427, 12.470230
11, BRISK, ORB, 1456, 12.588132, 13.266080
12, BRISK, ORB, 1481, 8.848173, 16.335709
13, BRISK, ORB, 1479, 9.960280, 11.659895
14, BRISK, ORB, 1536, 9.342840, 12.293939
15, BRISK, ORB, 1557, 8.363573, 11.868514
16, BRISK, ORB, 1554, 10.278060, 11.447521
17, BRISK, ORB, 1590, 9.611036, 15.261326
18, BRISK, ORB, 1644, 8.397584, 19.208616
19, BRISK, ORB, 1608, 8.842841, 15.317118
20, BRISK, ORB, 1609, 7.507805, 11.583294
21, BRISK, ORB, 1664, 6.721826, 9.483314
22, BRISK, ORB, 1680, 8.498739, 10.601689
23, BRISK, ORB, 1712, 8.080008, 10.866754
24, BRISK, ORB, 1740, 7.329854, 9.913950
25, BRISK, ORB, 1761, 6.985581, 11.738968
26, BRISK, ORB, 1747, 6.964027, 13.584310
27, BRISK, ORB, 1815, 6.943196, 13.741177
28, BRISK, ORB, 1778, 8.386108, 12.736341
29, BRISK, ORB, 1765, 6.608878, 23.293448
30, BRISK, ORB, 1764, 10.335058, 14.152155
31, BRISK, ORB, 1813, 10.056964, 18.059795
32, BRISK, ORB, 1911, 9.158701, 24.807856
33, BRISK, ORB, 1824, 6.936604, 17.087355
34, BRISK, ORB, 1955, 11.275957, 22.496726
35, BRISK, ORB, 1910, 8.573839, 11.094027
36, BRISK, ORB, 1999, 9.188342, 10.859599
37, BRISK, ORB, 1968, 6.791257, 9.925288
38, BRISK, ORB, 1900, 6.367849, 10.889327
39, BRISK, ORB, 2068, 6.892141, 9.412691
40, BRISK, ORB, 2060, 5.925724, 9.256830
41, BRISK, ORB, 1995, 5.661101, 7.872584
42, BRISK, ORB, 2056, 6.190135, 7.328820
43, BRISK, ORB, 2103, 6.497391, 7.782811
44, BRISK, ORB, 2072, 5.778564, 10.080462
45, BRISK, ORB, 2081, 7.144786, 9.225647
46, BRISK, ORB, 2057, 8.603588, 10.419165
47, BRISK, ORB, 2037, 8.201800, 10.713085
48, BRISK, ORB, 2084, 9.639516, 13.084013
49, BRISK, ORB, 2171, 12.752858, 14.015736
50, BRISK, ORB, 2182, 13.017200, 20.428250
51, BRISK, ORB, 2261, 18.883202, 25.432609
52, BRISK, ORB, 2308, nan, 48.201718
53, BRISK, ORB, 2291, nan, 137.128286
54, BRISK, ORB, 2407, nan, -394.630089
55, BRISK, ORB, 1997, nan, -155.855355
56, BRISK, ORB, 2027, nan, -3771.159803
57, BRISK, ORB, 2355, nan, 975.439894
58, BRISK, ORB, 2247, nan, -359.204888
59, BRISK, ORB, 2006, nan, -556.480187
60, BRISK, ORB, 2378, nan, -2024.006533

0, BRISK, FREAK, 0, 0, 0
1, BRISK, FREAK, 1396, 12.320080, 12.360057
2, BRISK, FREAK, 1470, 12.219899, 20.455489
3, BRISK, FREAK, 1477, 14.746746, 13.580680
4, BRISK, FREAK, 1428, 16.509510, 13.829347
5, BRISK, FREAK, 1391, 15.583940, 22.592758
6, BRISK, FREAK, 1388, 12.886679, 16.330385
7, BRISK, FREAK, 1364, 11.981315, 15.446334
8, BRISK, FREAK, 1368, 13.120670, 23.807828
9, BRISK, FREAK, 1382, 13.020670, 19.580285
10, BRISK, FREAK, 1370, 11.342427, 14.013799
11, BRISK, FREAK, 1412, 12.588132, 16.986802
12, BRISK, FREAK, 1382, 8.848173, 12.999512
13, BRISK, FREAK, 1355, 9.960280, 16.402834
14, BRISK, FREAK, 1376, 9.342840, 12.151651
15, BRISK, FREAK, 1475, 8.363573, 19.522064
16, BRISK, FREAK, 1465, 10.278060, 10.379768
17, BRISK, FREAK, 1544, 9.611036, 9.245771
18, BRISK, FREAK, 1541, 8.397584, 11.658371
19, BRISK, FREAK, 1497, 8.842841, 11.105899
20, BRISK, FREAK, 1505, 7.507805, 16.071963
21, BRISK, FREAK, 1577, 6.721826, 10.652752
22, BRISK, FREAK, 1612, 8.498739, 16.152814
23, BRISK, FREAK, 1668, 8.080008, 15.598554
24, BRISK, FREAK, 1639, 7.329854, 12.201960
25, BRISK, FREAK, 1678, 6.985581, 12.679097
26, BRISK, FREAK, 1680, 6.964027, 11.662222
27, BRISK, FREAK, 1738, 6.943196, 16.003029
28, BRISK, FREAK, 1658, 8.386108, 18.804149
29, BRISK, FREAK, 1700, 6.608878, 18.087659
30, BRISK, FREAK, 1708, 10.335058, 15.684006
31, BRISK, FREAK, 1720, 10.056964, 19.256445
32, BRISK, FREAK, 1805, 9.158701, 32.141388
33, BRISK, FREAK, 1780, 6.936604, 15.190935
34, BRISK, FREAK, 1851, 11.275957, 15.405066
35, BRISK, FREAK, 1791, 8.573839, 10.334754
36, BRISK, FREAK, 1837, 9.188342, 9.594348
37, BRISK, FREAK, 1839, 6.791257, 13.331215
38, BRISK, FREAK, 1802, 6.367849, 20.302074
39, BRISK, FREAK, 1937, 6.892141, 31.475212
40, BRISK, FREAK, 1960, 5.925724, 12.549253
41, BRISK, FREAK, 1917, 5.661101, 9.634070
42, BRISK, FREAK, 1972, 6.190135, 7.332547
43, BRISK, FREAK, 1985, 6.497391, 8.199759
44, BRISK, FREAK, 1985, 5.778564, 8.918538
45, BRISK, FREAK, 1947, 7.144786, 10.229556
46, BRISK, FREAK, 1935, 8.603588, 10.391989
47, BRISK, FREAK, 1900, 8.201800, 12.672148
48, BRISK, FREAK, 1925, 9.639516, 13.913690
49, BRISK, FREAK, 1957, 12.752858, 15.012416
50, BRISK, FREAK, 2039, 13.017200, 30.562839
51, BRISK, FREAK, 2066, 18.883202, 29.688618
52, BRISK, FREAK, 2111, nan, 47.367945
53, BRISK, FREAK, 2092, nan, 124.196090
54, BRISK, FREAK, 2186, nan, -313.208418
55, BRISK, FREAK, 1827, nan, -68.873895
56, BRISK, FREAK, 1839, nan, -1329.882885
57, BRISK, FREAK, 2091, nan, 510.128234
58, BRISK, FREAK, 1991, nan, -239.234915
59, BRISK, FREAK, 1805, nan, -391.965390
60, BRISK, FREAK, 2164, nan, -631.145981

0, BRISK, SIFT, 0, 0, 0
1, BRISK, SIFT, 1740, 12.320080, 13.699592
2, BRISK, SIFT, 1774, 12.219899, 17.285488
3, BRISK, SIFT, 1780, 14.746746, 16.984784
4, BRISK, SIFT, 1756, 16.509510, 13.768178
5, BRISK, SIFT, 1718, 15.583940, 25.346365
6, BRISK, SIFT, 1704, 12.886679, 17.964726
7, BRISK, SIFT, 1698, 11.981315, 14.883964
8, BRISK, SIFT, 1669, 13.120670, 17.289642
9, BRISK, SIFT, 1682, 13.020670, 16.325779
10, BRISK, SIFT, 1712, 11.342427, 16.251023
11, BRISK, SIFT, 1751, 12.588132, 12.091869
12, BRISK, SIFT, 1716, 8.848173, 13.293015
13, BRISK, SIFT, 1773, 9.960280, 13.374710
14, BRISK, SIFT, 1715, 9.342840, 11.479981
15, BRISK, SIFT, 1801, 8.363573, 13.733850
16, BRISK, SIFT, 1820, 10.278060, 10.769996
17, BRISK, SIFT, 1872, 9.611036, 11.468518
18, BRISK, SIFT, 1897, 8.397584, 13.075253
19, BRISK, SIFT, 1909, 8.842841, 11.624862
20, BRISK, SIFT, 1917, 7.507805, 11.849118
21, BRISK, SIFT, 1944, 6.721826, 10.484002
22, BRISK, SIFT, 1911, 8.498739, 11.625343
23, BRISK, SIFT, 2018, 8.080008, 12.964872
24, BRISK, SIFT, 2010, 7.329854, 11.586835
25, BRISK, SIFT, 2043, 6.985581, 11.901878
26, BRISK, SIFT, 1990, 6.964027, 13.496671
27, BRISK, SIFT, 2100, 6.943196, 18.860535
28, BRISK, SIFT, 2089, 8.386108, 13.429390
29, BRISK, SIFT, 2077, 6.608878, 15.009797
30, BRISK, SIFT, 2079, 10.335058, 21.980229
31, BRISK, SIFT, 2130, 10.056964, 20.119002
32, BRISK, SIFT, 2184, 9.158701, 18.771349
33, BRISK, SIFT, 2104, 6.936604, 19.942850
34, BRISK, SIFT, 2180, 11.275957, 16.244405
35, BRISK, SIFT, 2152, 8.573839, 10.669547
36, BRISK, SIFT, 2206, 9.188342, 10.245001
37, BRISK, SIFT, 2154, 6.791257, 10.197953
38, BRISK, SIFT, 2161, 6.367849, 10.390441
39, BRISK, SIFT, 2280, 6.892141, 11.896447
40, BRISK, SIFT, 2297, 5.925724, 12.680318
41, BRISK, SIFT, 2277, 5.661101, 9.003374
42, BRISK, SIFT, 2306, 6.190135, 7.868458
43, BRISK, SIFT, 2291, 6.497391, 8.673814
44, BRISK, SIFT, 2292, 5.778564, 9.239568
45, BRISK, SIFT, 2271, 7.144786, 10.126610
46, BRISK, SIFT, 2271, 8.603588, 10.283547
47, BRISK, SIFT, 2267, 8.201800, 12.086473
48, BRISK, SIFT, 2299, 9.639516, 14.060842
49, BRISK, SIFT, 2331, 12.752858, 15.170048
50, BRISK, SIFT, 2402, 13.017200, 21.030158
51, BRISK, SIFT, 2486, 18.883202, 28.834051
52, BRISK, SIFT, 2482, nan, 52.479517
53, BRISK, SIFT, 2467, nan, 131.660905
54, BRISK, SIFT, 2584, nan, -188.709204
55, BRISK, SIFT, 2173, nan, -78.620183
56, BRISK, SIFT, 2222, nan, -1501.052028
57, BRISK, SIFT, 2525, nan, 5516.628405
58, BRISK, SIFT, 2403, nan, -267.915349
59, BRISK, SIFT, 2200, nan, -391.160063
60, BRISK, SIFT, 2538, nan, 3401.915609

0, ORB, BRISK, 0, 0, 0
1, ORB, BRISK, 311, 12.320080, 26.486818
2, ORB, BRISK, 290, 12.219899, nan
3, ORB, BRISK, 298, 14.746746, 38.947115
4, ORB, BRISK, 291, 16.509510, 6730.086049
5, ORB, BRISK, 316, 15.583940, nan
6, ORB, BRISK, 318, 12.886679, 10.841149
7, ORB, BRISK, 306, 11.981315, nan
8, ORB, BRISK, 309, 13.120670, nan
9, ORB, BRISK, 309, 13.020670, nan
10, ORB, BRISK, 315, 11.342427, nan
11, ORB, BRISK, 311, 12.588132, 9.081027
12, ORB, BRISK, 315, 8.848173, nan
13, ORB, BRISK, 316, 9.960280, 7.714692
14, ORB, BRISK, 300, 9.342840, 57.394747
15, ORB, BRISK, 313, 8.363573, nan
16, ORB, BRISK, 326, 10.278060, nan
17, ORB, BRISK, 320, 9.611036, 22.353313
18, ORB, BRISK, 340, 8.397584, 36.740341
19, ORB, BRISK, 324, 8.842841, nan
20, ORB, BRISK, 325, 7.507805, nan
21, ORB, BRISK, 313, 6.721826, nan
22, ORB, BRISK, 326, 8.498739, 8.972910
23, ORB, BRISK, 308, 8.080008, nan
24, ORB, BRISK, 324, 7.329854, 49.288702
25, ORB, BRISK, 332, 6.985581, 12.015162
26, ORB, BRISK, 345, 6.964027, nan
27, ORB, BRISK, 348, 6.943196, nan
28, ORB, BRISK, 344, 8.386108, nan
29, ORB, BRISK, 341, 6.608878, nan
30, ORB, BRISK, 335, 10.335058, 17.330014
31, ORB, BRISK, 336, 10.056964, nan
32, ORB, BRISK, 326, 9.158701, 190.965767
33, ORB, BRISK, 341, 6.936604, nan
34, ORB, BRISK, 338, 11.275957, nan
35, ORB, BRISK, 354, 8.573839, 13.100855
36, ORB, BRISK, 334, 9.188342, 21.227926
37, ORB, BRISK, 338, 6.791257, 13.420117
38, ORB, BRISK, 348, 6.367849, nan
39, ORB, BRISK, 332, 6.892141, nan
40, ORB, BRISK, 355, 5.925724, nan
41, ORB, BRISK, 357, 5.661101, nan
42, ORB, BRISK, 332, 6.190135, nan
43, ORB, BRISK, 354, 6.497391, nan
44, ORB, BRISK, 353, 5.778564, nan
45, ORB, BRISK, 359, 7.144786, nan
46, ORB, BRISK, 354, 8.603588, nan
47, ORB, BRISK, 358, 8.201800, nan
48, ORB, BRISK, 357, 9.639516, nan
49, ORB, BRISK, 354, 12.752858, nan
50, ORB, BRISK, 345, 13.017200, nan
51, ORB, BRISK, 368, 18.883202, nan
52, ORB, BRISK, 372, nan, nan
53, ORB, BRISK, 370, nan, nan
54, ORB, BRISK, 378, nan, nan
55, ORB, BRISK, 350, nan, -99.614647
56, ORB, BRISK, 366, nan, nan
57, ORB, BRISK, 370, nan, nan
58, ORB, BRISK, 361, nan, nan
59, ORB, BRISK, 349, nan, nan
60, ORB, BRISK, 373, nan, nan

0, ORB, BRIEF, 0, 0, 0
1, ORB, BRIEF, 221, 12.320080, 32.594257
2, ORB, BRIEF, 247, 12.219899, nan
3, ORB, BRIEF, 229, 14.746746, nan
4, ORB, BRIEF, 222, 16.509510, 22.511121
5, ORB, BRIEF, 248, 15.583940, 44.708495
6, ORB, BRIEF, 233, 12.886679, -48.151955
7, ORB, BRIEF, 234, 11.981315, nan
8, ORB, BRIEF, 244, 13.120670, 34.629764
9, ORB, BRIEF, 242, 13.020670, nan
10, ORB, BRIEF, 223, 11.342427, 359.022133
11, ORB, BRIEF, 226, 12.588132, 24.989062
12, ORB, BRIEF, 252, 8.848173, nan
13, ORB, BRIEF, 229, 9.960280, nan
14, ORB, BRIEF, 238, 9.342840, 22.273374
15, ORB, BRIEF, 262, 8.363573, nan
16, ORB, BRIEF, 219, 10.278060, 13.000456
17, ORB, BRIEF, 223, 9.611036, 20.623868
18, ORB, BRIEF, 240, 8.397584, 34.918248
19, ORB, BRIEF, 230, 8.842841, nan
20, ORB, BRIEF, 233, 7.507805, nan
21, ORB, BRIEF, 233, 6.721826, nan
22, ORB, BRIEF, 223, 8.498739, nan
23, ORB, BRIEF, 225, 8.080008, 26.351263
24, ORB, BRIEF, 250, 7.329854, nan
25, ORB, BRIEF, 250, 6.985581, nan
26, ORB, BRIEF, 236, 6.964027, nan
27, ORB, BRIEF, 242, 6.943196, nan
28, ORB, BRIEF, 261, 8.386108, 61.554211
29, ORB, BRIEF, 237, 6.608878, nan
30, ORB, BRIEF, 232, 10.335058, nan
31, ORB, BRIEF, 228, 10.056964, nan
32, ORB, BRIEF, 238, 9.158701, 208.239423
33, ORB, BRIEF, 245, 6.936604, 34.237139
34, ORB, BRIEF, 249, 11.275957, 20.692133
35, ORB, BRIEF, 270, 8.573839, 15.100461
36, ORB, BRIEF, 265, 9.188342, 11.427977
37, ORB, BRIEF, 250, 6.791257, -16.118226
38, ORB, BRIEF, 257, 6.367849, nan
39, ORB, BRIEF, 277, 6.892141, nan
40, ORB, BRIEF, 287, 5.925724, nan
41, ORB, BRIEF, 311, 5.661101, 28.699668
42, ORB, BRIEF, 261, 6.190135, nan
43, ORB, BRIEF, 272, 6.497391, -560.908823
44, ORB, BRIEF, 276, 5.778564, nan
45, ORB, BRIEF, 271, 7.144786, nan
46, ORB, BRIEF, 290, 8.603588, nan
47, ORB, BRIEF, 283, 8.201800, nan
48, ORB, BRIEF, 301, 9.639516, nan
49, ORB, BRIEF, 294, 12.752858, nan
50, ORB, BRIEF, 275, 13.017200, nan
51, ORB, BRIEF, 305, 18.883202, nan
52, ORB, BRIEF, 309, nan, nan
53, ORB, BRIEF, 314, nan, nan
54, ORB, BRIEF, 333, nan, nan
55, ORB, BRIEF, 294, nan, nan
56, ORB, BRIEF, 285, nan, -35.570309
57, ORB, BRIEF, 308, nan, nan
58, ORB, BRIEF, 286, nan, nan
59, ORB, BRIEF, 264, nan, nan
60, ORB, BRIEF, 327, nan, nan

0, ORB, ORB, 0, 0, 0
1, ORB, ORB, 330, 12.320080, nan
2, ORB, ORB, 321, 12.219899, 10.751135
3, ORB, ORB, 327, 14.746746, 33.602119
4, ORB, ORB, 320, 16.509510, nan
5, ORB, ORB, 318, 15.583940, nan
6, ORB, ORB, 343, 12.886679, 18.454940
7, ORB, ORB, 327, 11.981315, nan
8, ORB, ORB, 344, 13.120670, nan
9, ORB, ORB, 343, 13.020670, nan
10, ORB, ORB, 320, 11.342427, nan
11, ORB, ORB, 325, 12.588132, 8.287961
12, ORB, ORB, 325, 8.848173, nan
13, ORB, ORB, 309, 9.960280, nan
14, ORB, ORB, 345, 9.342840, nan
15, ORB, ORB, 335, 8.363573, nan
16, ORB, ORB, 312, 10.278060, nan
17, ORB, ORB, 344, 9.611036, 16.666733
18, ORB, ORB, 330, 8.397584, nan
19, ORB, ORB, 337, 8.842841, nan
20, ORB, ORB, 319, 7.507805, nan
21, ORB, ORB, 326, 6.721826, nan
22, ORB, ORB, 305, 8.498739, 8.939952
23, ORB, ORB, 328, 8.080008, 10.527982
24, ORB, ORB, 325, 7.329854, 64.926106
25, ORB, ORB, 342, 6.985581, nan
26, ORB, ORB, 355, 6.964027, nan
27, ORB, ORB, 333, 6.943196, 68.787710
28, ORB, ORB, 342, 8.386108, nan
29, ORB, ORB, 328, 6.608878, nan
30, ORB, ORB, 320, 10.335058, 32.919618
31, ORB, ORB, 343, 10.056964, nan
32, ORB, ORB, 331, 9.158701, nan
33, ORB, ORB, 331, 6.936604, nan
34, ORB, ORB, 328, 11.275957, 18.768626
35, ORB, ORB, 348, 8.573839, 8.212538
36, ORB, ORB, 357, 9.188342, nan
37, ORB, ORB, 342, 6.791257, 18.495750
38, ORB, ORB, 338, 6.367849, 11.434031
39, ORB, ORB, 359, 6.892141, nan
40, ORB, ORB, 374, 5.925724, nan
41, ORB, ORB, 358, 5.661101, nan
42, ORB, ORB, 363, 6.190135, nan
43, ORB, ORB, 362, 6.497391, nan
44, ORB, ORB, 379, 5.778564, 251.060139
45, ORB, ORB, 356, 7.144786, 3807.653397
46, ORB, ORB, 360, 8.603588, nan
47, ORB, ORB, 376, 8.201800, nan
48, ORB, ORB, 366, 9.639516, nan
49, ORB, ORB, 369, 12.752858, nan
50, ORB, ORB, 375, 13.017200, nan
51, ORB, ORB, 402, 18.883202, nan
52, ORB, ORB, 414, nan, nan
53, ORB, ORB, 422, nan, nan
54, ORB, ORB, 431, nan, nan
55, ORB, ORB, 374, nan, -44.573966
56, ORB, ORB, 394, nan, nan
57, ORB, ORB, 406, nan, nan
58, ORB, ORB, 403, nan, nan
59, ORB, ORB, 377, nan, nan
60, ORB, ORB, 404, nan, nan

0, ORB, FREAK, 0, 0, 0
1, ORB, FREAK, 109, 12.320080, 15.858601
2, ORB, FREAK, 123, 12.219899, nan
3, ORB, FREAK, 128, 14.746746, 10.874543
4, ORB, FREAK, 136, 16.509510, 28.836184
5, ORB, FREAK, 110, 15.583940, nan
6, ORB, FREAK, 132, 12.886679, 29.892720
7, ORB, FREAK, 136, 11.981315, nan
8, ORB, FREAK, 135, 13.120670, 11.442998
9, ORB, FREAK, 144, 13.020670, 17.765021
10, ORB, FREAK, 146, 11.342427, nan
11, ORB, FREAK, 149, 12.588132, 8.349279
12, ORB, FREAK, 155, 8.848173, 54.309839
13, ORB, FREAK, 139, 9.960280, 9.304320
14, ORB, FREAK, 151, 9.342840, 74.970965
15, ORB, FREAK, 160, 8.363573, nan
16, ORB, FREAK, 144, 10.278060, 11.622733
17, ORB, FREAK, 137, 9.611036, -2004.305094
18, ORB, FREAK, 154, 8.397584, 8.732350
19, ORB, FREAK, 135, 8.842841, nan
20, ORB, FREAK, 125, 7.507805, nan
21, ORB, FREAK, 127, 6.721826, nan
22, ORB, FREAK, 118, 8.498739, 14.011734
23, ORB, FREAK, 127, 8.080008, nan
24, ORB, FREAK, 140, 7.329854, 31.805536
25, ORB, FREAK, 142, 6.985581, -21.853135
26, ORB, FREAK, 151, 6.964027, -15.962770
27, ORB, FREAK, 134, 6.943196, -30.539789
28, ORB, FREAK, 142, 8.386108, -16.712272
29, ORB, FREAK, 144, 6.608878, -25.885558
30, ORB, FREAK, 144, 10.335058, 46.171343
31, ORB, FREAK, 156, 10.056964, 893.744780
32, ORB, FREAK, 145, 9.158701, -318.017634
33, ORB, FREAK, 162, 6.936604, -17.162012
34, ORB, FREAK, 160, 11.275957, -40.090153
35, ORB, FREAK, 173, 8.573839, nan
36, ORB, FREAK, 164, 9.188342, 11.987254
37, ORB, FREAK, 149, 6.791257, 8.675825
38, ORB, FREAK, 168, 6.367849, 17.487631
39, ORB, FREAK, 168, 6.892141, nan
40, ORB, FREAK, 160, 5.925724, nan
41, ORB, FREAK, 163, 5.661101, nan
42, ORB, FREAK, 159, 6.190135, -530.353839
43, ORB, FREAK, 160, 6.497391, nan
44, ORB, FREAK, 175, 5.778564, nan
45, ORB, FREAK, 162, 7.144786, nan
46, ORB, FREAK, 171, 8.603588, nan
47, ORB, FREAK, 158, 8.201800, nan
48, ORB, FREAK, 164, 9.639516, nan
49, ORB, FREAK, 160, 12.752858, nan
50, ORB, FREAK, 159, 13.017200, nan
51, ORB, FREAK, 178, 18.883202, nan
52, ORB, FREAK, 172, nan, nan
53, ORB, FREAK, 171, nan, nan
54, ORB, FREAK, 170, nan, nan
55, ORB, FREAK, 163, nan, nan
56, ORB, FREAK, 170, nan, nan
57, ORB, FREAK, 176, nan, nan
58, ORB, FREAK, 164, nan, nan
59, ORB, FREAK, 157, nan, nan
60, ORB, FREAK, 182, nan, nan

0, ORB, SIFT, 0, 0, 0
1, ORB, SIFT, 374, 12.320080, 16.768656
2, ORB, SIFT, 361, 12.219899, 15.938427
3, ORB, SIFT, 366, 14.746746, 12.267585
4, ORB, SIFT, 372, 16.509510, 330.969511
5, ORB, SIFT, 375, 15.583940, 73.248874
6, ORB, SIFT, 381, 12.886679, 12.913696
7, ORB, SIFT, 378, 11.981315, 127.591015
8, ORB, SIFT, 372, 13.120670, 12.293279
9, ORB, SIFT, 352, 13.020670, 224.382089
10, ORB, SIFT, 355, 11.342427, nan
11, ORB, SIFT, 377, 12.588132, 7.440979
12, ORB, SIFT, 394, 8.848173, nan
13, ORB, SIFT, 377, 9.960280, 169.328700
14, ORB, SIFT, 393, 9.342840, 13.764305
15, ORB, SIFT, 383, 8.363573, nan
16, ORB, SIFT, 368, 10.278060, 13.238921
17, ORB, SIFT, 360, 9.611036, 20.688734
18, ORB, SIFT, 369, 8.397584, 20.137059
19, ORB, SIFT, 360, 8.842841, nan
20, ORB, SIFT, 355, 7.507805, 8.366688
21, ORB, SIFT, 353, 6.721826, 7.486934
22, ORB, SIFT, 355, 8.498739, 9.148585
23, ORB, SIFT, 366, 8.080008, 12.203265
24, ORB, SIFT, 374, 7.329854, 11.997297
25, ORB, SIFT, 392, 6.985581, 18.730886
26, ORB, SIFT, 374, 6.964027, 59.937606
27, ORB, SIFT, 363, 6.943196, 251.836756
28, ORB, SIFT, 376, 8.386108, nan
29, ORB, SIFT, 369, 6.608878, nan
30, ORB, SIFT, 356, 10.335058, 41.084578
31, ORB, SIFT, 351, 10.056964, nan
32, ORB, SIFT, 348, 9.158701, nan
33, ORB, SIFT, 357, 6.936604, nan
34, ORB, SIFT, 365, 11.275957, 149.558567
35, ORB, SIFT, 383, 8.573839, 12.223025
36, ORB, SIFT, 365, 9.188342, 10.147713
37, ORB, SIFT, 386, 6.791257, 7.010179
38, ORB, SIFT, 368, 6.367849, 28.731282
39, ORB, SIFT, 386, 6.892141, nan
40, ORB, SIFT, 387, 5.925724, nan
41, ORB, SIFT, 386, 5.661101, 39.299347
42, ORB, SIFT, 397, 6.190135, 15.379839
43, ORB, SIFT, 399, 6.497391, 24.442024
44, ORB, SIFT, 400, 5.778564, nan
45, ORB, SIFT, 392, 7.144786, 12.983820
46, ORB, SIFT, 387, 8.603588, nan
47, ORB, SIFT, 387, 8.201800, nan
48, ORB, SIFT, 390, 9.639516, nan
49, ORB, SIFT, 380, 12.752858, nan
50, ORB, SIFT, 400, 13.017200, nan
51, ORB, SIFT, 409, 18.883202, nan
52, ORB, SIFT, 409, nan, nan
53, ORB, SIFT, 422, nan, nan
54, ORB, SIFT, 427, nan, nan
55, ORB, SIFT, 388, nan, -74.886115
56, ORB, SIFT, 405, nan, nan
57, ORB, SIFT, 420, nan, nan
58, ORB, SIFT, 402, nan, nan
59, ORB, SIFT, 392, nan, nan
60, ORB, SIFT, 413, nan, nan

0, AKAZE, BRISK, 0, 0, 0
1, AKAZE, BRISK, 973, 12.320080, 17.930112
2, AKAZE, BRISK, 965, 12.219899, 22.649687
3, AKAZE, BRISK, 988, 14.746746, 13.365882
4, AKAZE, BRISK, 975, 16.509510, 17.970655
5, AKAZE, BRISK, 972, 15.583940, 19.428317
6, AKAZE, BRISK, 1003, 12.886679, 14.708415
7, AKAZE, BRISK, 1010, 11.981315, 15.883252
8, AKAZE, BRISK, 994, 13.120670, 13.922941
9, AKAZE, BRISK, 1007, 13.020670, 13.822467
10, AKAZE, BRISK, 1008, 11.342427, 11.877995
11, AKAZE, BRISK, 987, 12.588132, 12.362651
12, AKAZE, BRISK, 979, 8.848173, 15.617437
13, AKAZE, BRISK, 986, 9.960280, 10.085526
14, AKAZE, BRISK, 1028, 9.342840, 15.221118
15, AKAZE, BRISK, 1060, 8.363573, 16.897213
16, AKAZE, BRISK, 1040, 10.278060, 14.323066
17, AKAZE, BRISK, 1103, 9.611036, 12.290992
18, AKAZE, BRISK, 1073, 8.397584, 8.925236
19, AKAZE, BRISK, 1068, 8.842841, 12.257064
20, AKAZE, BRISK, 1083, 7.507805, 9.009464
21, AKAZE, BRISK, 1042, 6.721826, 8.780815
22, AKAZE, BRISK, 1065, 8.498739, 10.071313
23, AKAZE, BRISK, 1090, 8.080008, 9.055761
24, AKAZE, BRISK, 1113, 7.329854, 8.933007
25, AKAZE, BRISK, 1107, 6.985581, 14.885794
26, AKAZE, BRISK, 1134, 6.964027, 17.881355
27, AKAZE, BRISK, 1115, 6.943196, 14.627946
28, AKAZE, BRISK, 1094, 8.386108, 17.456970
29, AKAZE, BRISK, 1105, 6.608878, 9.356966
30, AKAZE, BRISK, 1105, 10.335058, 14.443001
31, AKAZE, BRISK, 1124, 10.056964, 16.542773
32, AKAZE, BRISK, 1151, 9.158701, 18.225715
33, AKAZE, BRISK, 1162, 6.936604, 12.226013
34, AKAZE, BRISK, 1165, 11.275957, 13.807645
35, AKAZE, BRISK, 1192, 8.573839, 8.659478
36, AKAZE, BRISK, 1218, 9.188342, 8.270077
37, AKAZE, BRISK, 1229, 6.791257, 8.461525
38, AKAZE, BRISK, 1212, 6.367849, 9.822820
39, AKAZE, BRISK, 1211, 6.892141, 12.321828
40, AKAZE, BRISK, 1207, 5.925724, 10.543065
41, AKAZE, BRISK, 1211, 5.661101, 9.683502
42, AKAZE, BRISK, 1259, 6.190135, 7.384360
43, AKAZE, BRISK, 1259, 6.497391, 7.813384
44, AKAZE, BRISK, 1240, 5.778564, 9.457903
45, AKAZE, BRISK, 1229, 7.144786, 8.784118
46, AKAZE, BRISK, 1241, 8.603588, 9.553163
47, AKAZE, BRISK, 1225, 8.201800, 20.122059
48, AKAZE, BRISK, 1246, 9.639516, 11.487166
49, AKAZE, BRISK, 1265, 12.752858, 14.073220
50, AKAZE, BRISK, 1308, 13.017200, 20.220062
51, AKAZE, BRISK, 1334, 18.883202, 23.110492
52, AKAZE, BRISK, 1347, nan, 47.840838
53, AKAZE, BRISK, 1348, nan, 72.628021
54, AKAZE, BRISK, 1363, nan, -106.561545
55, AKAZE, BRISK, 1308, nan, -93.866487
56, AKAZE, BRISK, 1308, nan, -11066.884606
57, AKAZE, BRISK, 1351, nan, -442.699409
58, AKAZE, BRISK, 1300, nan, -136.164098
59, AKAZE, BRISK, 1254, nan, -335.643605
60, AKAZE, BRISK, 1304, nan, -3028.800941

0, AKAZE, BRIEF, 0, 0, 0
1, AKAZE, BRIEF, 1073, 12.320080, 18.886493
2, AKAZE, BRIEF, 1091, 12.219899, 15.045547
3, AKAZE, BRIEF, 1109, 14.746746, 17.024115
4, AKAZE, BRIEF, 1116, 16.509510, 13.848208
5, AKAZE, BRIEF, 1102, 15.583940, 18.681009
6, AKAZE, BRIEF, 1121, 12.886679, 20.371367
7, AKAZE, BRIEF, 1082, 11.981315, 21.522588
8, AKAZE, BRIEF, 1119, 13.120670, 14.121140
9, AKAZE, BRIEF, 1120, 13.020670, 21.424283
10, AKAZE, BRIEF, 1107, 11.342427, 11.570909
11, AKAZE, BRIEF, 1119, 12.588132, 16.404711
12, AKAZE, BRIEF, 1104, 8.848173, 18.019285
13, AKAZE, BRIEF, 1135, 9.960280, 10.233675
14, AKAZE, BRIEF, 1165, 9.342840, 14.965864
15, AKAZE, BRIEF, 1170, 8.363573, 15.824861
16, AKAZE, BRIEF, 1163, 10.278060, 12.201176
17, AKAZE, BRIEF, 1191, 9.611036, 11.328882
18, AKAZE, BRIEF, 1197, 8.397584, 10.645925
19, AKAZE, BRIEF, 1184, 8.842841, 14.631166
20, AKAZE, BRIEF, 1190, 7.507805, 11.876305
21, AKAZE, BRIEF, 1144, 6.721826, 13.161738
22, AKAZE, BRIEF, 1186, 8.498739, 11.274332
23, AKAZE, BRIEF, 1190, 8.080008, 9.048851
24, AKAZE, BRIEF, 1205, 7.329854, 11.357668
25, AKAZE, BRIEF, 1168, 6.985581, 16.172418
26, AKAZE, BRIEF, 1213, 6.964027, 16.456074
27, AKAZE, BRIEF, 1209, 6.943196, 15.145444
28, AKAZE, BRIEF, 1179, 8.386108, 16.040831
29, AKAZE, BRIEF, 1225, 6.608878, 13.131283
30, AKAZE, BRIEF, 1218, 10.335058, 14.017407
31, AKAZE, BRIEF, 1211, 10.056964, 16.271771
32, AKAZE, BRIEF, 1258, 9.158701, 16.511984
33, AKAZE, BRIEF, 1298, 6.936604, 16.559800
34, AKAZE, BRIEF, 1284, 11.275957, 9.573479
35, AKAZE, BRIEF, 1277, 8.573839, 12.946042
36, AKAZE, BRIEF, 1298, 9.188342, 14.319833
37, AKAZE, BRIEF, 1278, 6.791257, 10.845937
38, AKAZE, BRIEF, 1232, 6.367849, 18.127837
39, AKAZE, BRIEF, 1273, 6.892141, 32.627742
40, AKAZE, BRIEF, 1278, 5.925724, 38.223339
41, AKAZE, BRIEF, 1280, 5.661101, 10.467991
42, AKAZE, BRIEF, 1291, 6.190135, 35.504925
43, AKAZE, BRIEF, 1291, 6.497391, 19.081020
44, AKAZE, BRIEF, 1300, 5.778564, 26.807613
45, AKAZE, BRIEF, 1282, 7.144786, 18.930715
46, AKAZE, BRIEF, 1259, 8.603588, 9.956122
47, AKAZE, BRIEF, 1264, 8.201800, 19.644469
48, AKAZE, BRIEF, 1269, 9.639516, 22.955547
49, AKAZE, BRIEF, 1293, 12.752858, 24.542551
50, AKAZE, BRIEF, 1305, 13.017200, 33.729941
51, AKAZE, BRIEF, 1331, 18.883202, 35.384227
52, AKAZE, BRIEF, 1353, nan, 39.758309
53, AKAZE, BRIEF, 1344, nan, 71.076752
54, AKAZE, BRIEF, 1374, nan, -190.849836
55, AKAZE, BRIEF, 1250, nan, -91.686441
56, AKAZE, BRIEF, 1302, nan, 1326.817980
57, AKAZE, BRIEF, 1317, nan, 970.397441
58, AKAZE, BRIEF, 1322, nan, -206.030756
59, AKAZE, BRIEF, 1237, nan, -260.523215
60, AKAZE, BRIEF, 1297, nan, -4175.276412

0, AKAZE, ORB, 0, 0, 0
1, AKAZE, ORB, 924, 12.320080, 17.393113
2, AKAZE, ORB, 933, 12.219899, 19.647699
3, AKAZE, ORB, 958, 14.746746, 13.142287
4, AKAZE, ORB, 944, 16.509510, 18.053117
5, AKAZE, ORB, 960, 15.583940, 15.517831
6, AKAZE, ORB, 958, 12.886679, 20.251974
7, AKAZE, ORB, 1001, 11.981315, 21.256803
8, AKAZE, ORB, 990, 13.120670, 20.724041
9, AKAZE, ORB, 968, 13.020670, 13.305956
10, AKAZE, ORB, 1002, 11.342427, 11.561945
11, AKAZE, ORB, 953, 12.588132, 17.219330
12, AKAZE, ORB, 957, 8.848173, 20.268455
13, AKAZE, ORB, 951, 9.960280, 14.055886
14, AKAZE, ORB, 1018, 9.342840, 13.006188
15, AKAZE, ORB, 1021, 8.363573, 10.385111
16, AKAZE, ORB, 1015, 10.278060, 12.512391
17, AKAZE, ORB, 1052, 9.611036, 11.532969
18, AKAZE, ORB, 1047, 8.397584, 12.243762
19, AKAZE, ORB, 1021, 8.842841, 15.362569
20, AKAZE, ORB, 1042, 7.507805, 13.636901
21, AKAZE, ORB, 1020, 6.721826, 13.663915
22, AKAZE, ORB, 1048, 8.498739, 8.886323
23, AKAZE, ORB, 1029, 8.080008, 10.187892
24, AKAZE, ORB, 1061, 7.329854, 12.899406
25, AKAZE, ORB, 1060, 6.985581, 14.786971
26, AKAZE, ORB, 1067, 6.964027, 17.948408
27, AKAZE, ORB, 1064, 6.943196, 11.257328
28, AKAZE, ORB, 1025, 8.386108, 9.724278
29, AKAZE, ORB, 1069, 6.608878, 13.443745
30, AKAZE, ORB, 1055, 10.335058, 11.069746
31, AKAZE, ORB, 1053, 10.056964, 15.467950
32, AKAZE, ORB, 1110, 9.158701, 16.351624
33, AKAZE, ORB, 1126, 6.936604, 16.660252
34, AKAZE, ORB, 1143, 11.275957, 12.895545
35, AKAZE, ORB, 1150, 8.573839, 9.135328
36, AKAZE, ORB, 1128, 9.188342, 7.678874
37, AKAZE, ORB, 1158, 6.791257, 12.030060
38, AKAZE, ORB, 1096, 6.367849, 10.943776
39, AKAZE, ORB, 1122, 6.892141, 30.701567
40, AKAZE, ORB, 1134, 5.925724, 24.991654
41, AKAZE, ORB, 1134, 5.661101, 15.657413
42, AKAZE, ORB, 1174, 6.190135, 29.761748
43, AKAZE, ORB, 1177, 6.497391, 20.065614
44, AKAZE, ORB, 1185, 5.778564, 11.644342
45, AKAZE, ORB, 1180, 7.144786, 18.447709
46, AKAZE, ORB, 1165, 8.603588, 10.615889
47, AKAZE, ORB, 1143, 8.201800, 10.747592
48, AKAZE, ORB, 1156, 9.639516, 21.996586
49, AKAZE, ORB, 1176, 12.752858, 15.098561
50, AKAZE, ORB, 1204, 13.017200, 35.016578
51, AKAZE, ORB, 1226, 18.883202, 23.756278
52, AKAZE, ORB, 1260, nan, 45.590138
53, AKAZE, ORB, 1274, nan, 115.388295
54, AKAZE, ORB, 1295, nan, -195.388990
55, AKAZE, ORB, 1175, nan, -84.126324
56, AKAZE, ORB, 1229, nan, 3268.487293
57, AKAZE, ORB, 1270, nan, -390.405576
58, AKAZE, ORB, 1209, nan, -193.895342
59, AKAZE, ORB, 1165, nan, -331.412802
60, AKAZE, ORB, 1239, nan, -381.807196

0, AKAZE, FREAK, 0, 0, 0
1, AKAZE, FREAK, 915, 12.320080, 13.550812
2, AKAZE, FREAK, 910, 12.219899, 16.853331
3, AKAZE, FREAK, 969, 14.746746, 16.848828
4, AKAZE, FREAK, 935, 16.509510, 14.036042
5, AKAZE, FREAK, 900, 15.583940, 15.892261
6, AKAZE, FREAK, 947, 12.886679, 14.445457
7, AKAZE, FREAK, 984, 11.981315, 15.362906
8, AKAZE, FREAK, 959, 13.120670, 20.534270
9, AKAZE, FREAK, 961, 13.020670, 23.050419
10, AKAZE, FREAK, 970, 11.342427, 11.894069
11, AKAZE, FREAK, 935, 12.588132, 12.161686
12, AKAZE, FREAK, 961, 8.848173, 17.919494
13, AKAZE, FREAK, 964, 9.960280, 10.783258
14, AKAZE, FREAK, 1010, 9.342840, 9.876270
15, AKAZE, FREAK, 1028, 8.363573, 9.894969
16, AKAZE, FREAK, 1011, 10.278060, 13.864434
17, AKAZE, FREAK, 1027, 9.611036, 11.280857
18, AKAZE, FREAK, 1054, 8.397584, 8.806918
19, AKAZE, FREAK, 1051, 8.842841, 9.551169
20, AKAZE, FREAK, 1037, 7.507805, 14.747364
21, AKAZE, FREAK, 1004, 6.721826, 13.763275
22, AKAZE, FREAK, 1041, 8.498739, 7.969929
23, AKAZE, FREAK, 1049, 8.080008, 8.619309
24, AKAZE, FREAK, 1047, 7.329854, 16.586871
25, AKAZE, FREAK, 1036, 6.985581, 14.336829
26, AKAZE, FREAK, 1064, 6.964027, 10.133661
27, AKAZE, FREAK, 1060, 6.943196, 12.917058
28, AKAZE, FREAK, 1045, 8.386108, 10.352286
29, AKAZE, FREAK, 1042, 6.608878, 13.276919
30, AKAZE, FREAK, 1074, 10.335058, 10.389421
31, AKAZE, FREAK, 1089, 10.056964, 16.516875
32, AKAZE, FREAK, 1102, 9.158701, 18.735178
33, AKAZE, FREAK, 1123, 6.936604, 10.566441
34, AKAZE, FREAK, 1101, 11.275957, 13.264731
35, AKAZE, FREAK, 1135, 8.573839, 14.136257
36, AKAZE, FREAK, 1152, 9.188342, 7.962033
37, AKAZE, FREAK, 1157, 6.791257, 7.320034
38, AKAZE, FREAK, 1134, 6.367849, 9.150759
39, AKAZE, FREAK, 1154, 6.892141, 11.493654
40, AKAZE, FREAK, 1159, 5.925724, 34.322864
41, AKAZE, FREAK, 1164, 5.661101, 9.539508
42, AKAZE, FREAK, 1169, 6.190135, 28.586661
43, AKAZE, FREAK, 1200, 6.497391, 7.833363
44, AKAZE, FREAK, 1191, 5.778564, 9.050530
45, AKAZE, FREAK, 1164, 7.144786, 13.414767
46, AKAZE, FREAK, 1179, 8.603588, 9.338637
47, AKAZE, FREAK, 1168, 8.201800, 10.573530
48, AKAZE, FREAK, 1180, 9.639516, 22.892264
49, AKAZE, FREAK, 1201, 12.752858, 13.200358
50, AKAZE, FREAK, 1210, 13.017200, 19.833260
51, AKAZE, FREAK, 1237, 18.883202, 23.521010
52, AKAZE, FREAK, 1260, nan, 46.321848
53, AKAZE, FREAK, 1281, nan, 121.204811
54, AKAZE, FREAK, 1308, nan, -199.735944
55, AKAZE, FREAK, 1183, nan, -85.191760
56, AKAZE, FREAK, 1222, nan, -3272.023710
57, AKAZE, FREAK, 1275, nan, -709.531979
58, AKAZE, FREAK, 1215, nan, -129.200164
59, AKAZE, FREAK, 1149, nan, -298.074203
60, AKAZE, FREAK, 1247, nan, -4075.309124

0, AKAZE, AKAZE, 0, 0, 0
1, AKAZE, AKAZE, 1103, 12.320080, 14.171540
2, AKAZE, AKAZE, 1073, 12.219899, 19.782599
3, AKAZE, AKAZE, 1126, 14.746746, 14.942139
4, AKAZE, AKAZE, 1126, 16.509510, 14.248959
5, AKAZE, AKAZE, 1117, 15.583940, 16.462302
6, AKAZE, AKAZE, 1118, 12.886679, 19.445133
7, AKAZE, AKAZE, 1147, 11.981315, 16.410820
8, AKAZE, AKAZE, 1148, 13.120670, 20.811153
9, AKAZE, AKAZE, 1120, 13.020670, 19.669842
10, AKAZE, AKAZE, 1149, 11.342427, 16.062596
11, AKAZE, AKAZE, 1083, 12.588132, 15.728457
12, AKAZE, AKAZE, 1087, 8.848173, 14.312271
13, AKAZE, AKAZE, 1071, 9.960280, 11.010628
14, AKAZE, AKAZE, 1138, 9.342840, 14.476080
15, AKAZE, AKAZE, 1119, 8.363573, 15.255046
16, AKAZE, AKAZE, 1132, 10.278060, 12.821820
17, AKAZE, AKAZE, 1152, 9.611036, 11.446575
18, AKAZE, AKAZE, 1161, 8.397584, 11.536220
19, AKAZE, AKAZE, 1165, 8.842841, 9.618556
20, AKAZE, AKAZE, 1161, 7.507805, 12.263087
21, AKAZE, AKAZE, 1142, 6.721826, 12.148561
22, AKAZE, AKAZE, 1169, 8.498739, 7.978553
23, AKAZE, AKAZE, 1156, 8.080008, 11.477950
24, AKAZE, AKAZE, 1184, 7.329854, 12.131741
25, AKAZE, AKAZE, 1183, 6.985581, 13.958980
26, AKAZE, AKAZE, 1200, 6.964027, 14.544336
27, AKAZE, AKAZE, 1196, 6.943196, 10.965307
28, AKAZE, AKAZE, 1193, 8.386108, 9.626088
29, AKAZE, AKAZE, 1194, 6.608878, 13.325893
30, AKAZE, AKAZE, 1215, 10.335058, 9.615128
31, AKAZE, AKAZE, 1236, 10.056964, 11.343607
32, AKAZE, AKAZE, 1248, 9.158701, 11.500108
33, AKAZE, AKAZE, 1259, 6.936604, 15.788617
34, AKAZE, AKAZE, 1266, 11.275957, 9.281481
35, AKAZE, AKAZE, 1264, 8.573839, 11.288673
36, AKAZE, AKAZE, 1263, 9.188342, 11.532737
37, AKAZE, AKAZE, 1285, 6.791257, 11.583763
38, AKAZE, AKAZE, 1222, 6.367849, 16.653303
39, AKAZE, AKAZE, 1257, 6.892141, 11.980816
40, AKAZE, AKAZE, 1270, 5.925724, 10.534666
41, AKAZE, AKAZE, 1276, 5.661101, 8.977180
42, AKAZE, AKAZE, 1285, 6.190135, 8.512094
43, AKAZE, AKAZE, 1312, 6.497391, 20.136565
44, AKAZE, AKAZE, 1285, 5.778564, 10.444634
45, AKAZE, AKAZE, 1295, 7.144786, 9.739115
46, AKAZE, AKAZE, 1271, 8.603588, 21.101101
47, AKAZE, AKAZE, 1271, 8.201800, 21.364768
48, AKAZE, AKAZE, 1260, 9.639516, 22.008048
49, AKAZE, AKAZE, 1285, 12.752858, 14.388919
50, AKAZE, AKAZE, 1298, 13.017200, 28.120866
51, AKAZE, AKAZE, 1330, 18.883202, 28.223344
52, AKAZE, AKAZE, 1363, nan, 33.216538
53, AKAZE, AKAZE, 1333, nan, 72.471952
54, AKAZE, AKAZE, 1369, nan, -194.569131
55, AKAZE, AKAZE, 1283, nan, -72.654239
56, AKAZE, AKAZE, 1323, nan, -20456.678172
57, AKAZE, AKAZE, 1357, nan, 674.569126
58, AKAZE, AKAZE, 1339, nan, -194.741564
59, AKAZE, AKAZE, 1276, nan, -350.903347
60, AKAZE, AKAZE, 1325, nan, -2385.648133

0, AKAZE, SIFT, 0, 0, 0
1, AKAZE, SIFT, 1136, 12.320080, 13.005292
2, AKAZE, SIFT, 1150, 12.219899, 19.904678
3, AKAZE, SIFT, 1166, 14.746746, 15.654671
4, AKAZE, SIFT, 1147, 16.509510, 18.152125
5, AKAZE, SIFT, 1146, 15.583940, 19.437387
6, AKAZE, SIFT, 1138, 12.886679, 22.558854
7, AKAZE, SIFT, 1159, 11.981315, 15.763195
8, AKAZE, SIFT, 1169, 13.120670, 20.388426
9, AKAZE, SIFT, 1161, 13.020670, 19.268060
10, AKAZE, SIFT, 1209, 11.342427, 13.673666
11, AKAZE, SIFT, 1149, 12.588132, 13.795076
12, AKAZE, SIFT, 1134, 8.848173, 14.190702
13, AKAZE, SIFT, 1145, 9.960280, 15.033237
14, AKAZE, SIFT, 1181, 9.342840, 14.749217
15, AKAZE, SIFT, 1183, 8.363573, 15.540048
16, AKAZE, SIFT, 1221, 10.278060, 10.002429
17, AKAZE, SIFT, 1210, 9.611036, 11.732626
18, AKAZE, SIFT, 1215, 8.397584, 11.079755
19, AKAZE, SIFT, 1210, 8.842841, 12.801925
20, AKAZE, SIFT, 1217, 7.507805, 13.907098
21, AKAZE, SIFT, 1189, 6.721826, 13.328084
22, AKAZE, SIFT, 1191, 8.498739, 10.277955
23, AKAZE, SIFT, 1210, 8.080008, 11.365924
24, AKAZE, SIFT, 1219, 7.329854, 12.684347
25, AKAZE, SIFT, 1227, 6.985581, 15.124460
26, AKAZE, SIFT, 1260, 6.964027, 15.456123
27, AKAZE, SIFT, 1247, 6.943196, 11.319711
28, AKAZE, SIFT, 1218, 8.386108, 16.817902
29, AKAZE, SIFT, 1245, 6.608878, 12.818039
30, AKAZE, SIFT, 1245, 10.335058, 13.727813
31, AKAZE, SIFT, 1282, 10.056964, 11.438079
32, AKAZE, SIFT, 1291, 9.158701, 17.091176
33, AKAZE, SIFT, 1304, 6.936604, 13.296766
34, AKAZE, SIFT, 1314, 11.275957, 13.701626
35, AKAZE, SIFT, 1314, 8.573839, 9.957256
36, AKAZE, SIFT, 1302, 9.188342, 10.688000
37, AKAZE, SIFT, 1318, 6.791257, 10.109266
38, AKAZE, SIFT, 1288, 6.367849, 17.607559
39, AKAZE, SIFT, 1307, 6.892141, 53.804010
40, AKAZE, SIFT, 1313, 5.925724, 45.580235
41, AKAZE, SIFT, 1338, 5.661101, 22.044698
42, AKAZE, SIFT, 1344, 6.190135, 26.482554
43, AKAZE, SIFT, 1350, 6.497391, 22.049299
44, AKAZE, SIFT, 1352, 5.778564, 30.564949
45, AKAZE, SIFT, 1342, 7.144786, 19.125636
46, AKAZE, SIFT, 1327, 8.603588, 22.297156
47, AKAZE, SIFT, 1305, 8.201800, 20.709954
48, AKAZE, SIFT, 1305, 9.639516, 25.852631
49, AKAZE, SIFT, 1327, 12.752858, 23.662269
50, AKAZE, SIFT, 1335, 13.017200, 26.090142
51, AKAZE, SIFT, 1361, 18.883202, 28.377782
52, AKAZE, SIFT, 1401, nan, 36.077716
53, AKAZE, SIFT, 1377, nan, 73.388483
54, AKAZE, SIFT, 1398, nan, -192.095033
55, AKAZE, SIFT, 1333, nan, -82.820517
56, AKAZE, SIFT, 1342, nan, -2051.058498
57, AKAZE, SIFT, 1388, nan, 684.108442
58, AKAZE, SIFT, 1364, nan, -133.110009
59, AKAZE, SIFT, 1312, nan, -290.889382
60, AKAZE, SIFT, 1345, nan, -2382.080835

0, SIFT, BRISK, 0, 0, 0
1, SIFT, BRISK, 731, 12.320080, 11.592249
2, SIFT, BRISK, 733, 12.219899, 13.052667
3, SIFT, BRISK, 743, 14.746746, 13.543204
4, SIFT, BRISK, 723, 16.509510, 31.021585
5, SIFT, BRISK, 734, 15.583940, 15.072545
6, SIFT, BRISK, 708, 12.886679, 11.572185
7, SIFT, BRISK, 758, 11.981315, 14.051828
8, SIFT, BRISK, 736, 13.120670, 14.996500
9, SIFT, BRISK, 737, 13.020670, 13.403285
10, SIFT, BRISK, 753, 11.342427, 17.439820
11, SIFT, BRISK, 764, 12.588132, 12.758814
12, SIFT, BRISK, 773, 8.848173, 10.251210
13, SIFT, BRISK, 789, 9.960280, 9.578422
14, SIFT, BRISK, 813, 9.342840, 14.020646
15, SIFT, BRISK, 844, 8.363573, 11.975823
16, SIFT, BRISK, 829, 10.278060, 10.630944
17, SIFT, BRISK, 897, 9.611036, 9.530369
18, SIFT, BRISK, 859, 8.397584, 15.421048
19, SIFT, BRISK, 841, 8.842841, 8.494608
20, SIFT, BRISK, 882, 7.507805, 8.124358
21, SIFT, BRISK, 935, 6.721826, 11.701963
22, SIFT, BRISK, 900, 8.498739, 8.071350
23, SIFT, BRISK, 944, 8.080008, 10.918361
24, SIFT, BRISK, 951, 7.329854, 11.113261
25, SIFT, BRISK, 978, 6.985581, 9.143972
26, SIFT, BRISK, 1017, 6.964027, 9.621101
27, SIFT, BRISK, 992, 6.943196, 11.160013
28, SIFT, BRISK, 946, 8.386108, 15.439316
29, SIFT, BRISK, 982, 6.608878, 15.670943
30, SIFT, BRISK, 926, 10.335058, 11.370785
31, SIFT, BRISK, 962, 10.056964, 18.883624
32, SIFT, BRISK, 989, 9.158701, 12.030030
33, SIFT, BRISK, 976, 6.936604, 10.780009
34, SIFT, BRISK, 957, 11.275957, 10.127129
35, SIFT, BRISK, 959, 8.573839, 8.823172
36, SIFT, BRISK, 979, 9.188342, 7.899707
37, SIFT, BRISK, 915, 6.791257, 8.509934
38, SIFT, BRISK, 961, 6.367849, 7.620898
39, SIFT, BRISK, 993, 6.892141, 7.943371
40, SIFT, BRISK, 927, 5.925724, 7.960831
41, SIFT, BRISK, 940, 5.661101, 7.136960
42, SIFT, BRISK, 956, 6.190135, 23.133627
43, SIFT, BRISK, 983, 6.497391, 6.879712
44, SIFT, BRISK, 936, 5.778564, 7.903873
45, SIFT, BRISK, 989, 7.144786, 93.245924
46, SIFT, BRISK, 937, 8.603588, 8.054875
47, SIFT, BRISK, 969, 8.201800, 8.887481
48, SIFT, BRISK, 954, 9.639516, 10.179692
49, SIFT, BRISK, 1026, 12.752858, 45.491748
50, SIFT, BRISK, 1005, 13.017200, 15.183119
51, SIFT, BRISK, 1001, 18.883202, 17.760016
52, SIFT, BRISK, 972, nan, 47.143526
53, SIFT, BRISK, 1020, nan, 76.583957
54, SIFT, BRISK, 1088, nan, -94.219718
55, SIFT, BRISK, 982, nan, -98.801142
56, SIFT, BRISK, 1011, nan, 209.783801
57, SIFT, BRISK, 1033, nan, 1751.168059
58, SIFT, BRISK, 1055, nan, -240.532226
59, SIFT, BRISK, 1019, nan, -281.325162
60, SIFT, BRISK, 1088, nan, -733.812046

0, SIFT, BRIEF, 0, 0, 0
1, SIFT, BRIEF, 908, 12.320080, 12.249247
2, SIFT, BRIEF, 858, 12.219899, 13.081010
3, SIFT, BRIEF, 878, 14.746746, 15.087746
4, SIFT, BRIEF, 904, 16.509510, 21.309767
5, SIFT, BRIEF, 856, 15.583940, 13.219469
6, SIFT, BRIEF, 893, 12.886679, 11.965716
7, SIFT, BRIEF, 904, 11.981315, 17.378485
8, SIFT, BRIEF, 915, 13.120670, 17.633504
9, SIFT, BRIEF, 881, 13.020670, 12.745580
10, SIFT, BRIEF, 909, 11.342427, 11.532438
11, SIFT, BRIEF, 920, 12.588132, 14.217799
12, SIFT, BRIEF, 919, 8.848173, 10.197329
13, SIFT, BRIEF, 937, 9.960280, 12.544209
14, SIFT, BRIEF, 1010, 9.342840, 13.047309
15, SIFT, BRIEF, 978, 8.363573, 10.086854
16, SIFT, BRIEF, 962, 10.278060, 11.166396
17, SIFT, BRIEF, 980, 9.611036, 10.299065
18, SIFT, BRIEF, 1010, 8.397584, 13.360262
19, SIFT, BRIEF, 1018, 8.842841, 10.913772
20, SIFT, BRIEF, 1008, 7.507805, 8.667566
21, SIFT, BRIEF, 1092, 6.721826, 12.547319
22, SIFT, BRIEF, 1093, 8.498739, 9.986061
23, SIFT, BRIEF, 1131, 8.080008, 11.525758
24, SIFT, BRIEF, 1139, 7.329854, 8.261945
25, SIFT, BRIEF, 1126, 6.985581, 9.766696
26, SIFT, BRIEF, 1191, 6.964027, 15.681434
27, SIFT, BRIEF, 1165, 6.943196, 9.269511
28, SIFT, BRIEF, 1112, 8.386108, 12.034361
29, SIFT, BRIEF, 1155, 6.608878, 10.785257
30, SIFT, BRIEF, 1118, 10.335058, 12.596148
31, SIFT, BRIEF, 1143, 10.056964, 15.673247
32, SIFT, BRIEF, 1159, 9.158701, 13.133128
33, SIFT, BRIEF, 1149, 6.936604, 11.026157
34, SIFT, BRIEF, 1129, 11.275957, 13.788221
35, SIFT, BRIEF, 1129, 8.573839, 10.066596
36, SIFT, BRIEF, 1115, 9.188342, 8.042137
37, SIFT, BRIEF, 1069, 6.791257, 9.950991
38, SIFT, BRIEF, 1122, 6.367849, 11.670209
39, SIFT, BRIEF, 1166, 6.892141, 17.089239
40, SIFT, BRIEF, 1062, 5.925724, 8.517249
41, SIFT, BRIEF, 1060, 5.661101, 15.253297
42, SIFT, BRIEF, 1092, 6.190135, 6.701952
43, SIFT, BRIEF, 1107, 6.497391, 6.816935
44, SIFT, BRIEF, 1079, 5.778564, 18.081528
45, SIFT, BRIEF, 1114, 7.144786, 8.473472
46, SIFT, BRIEF, 1057, 8.603588, 13.563615
47, SIFT, BRIEF, 1105, 8.201800, 11.346013
48, SIFT, BRIEF, 1074, 9.639516, 11.346279
49, SIFT, BRIEF, 1118, 12.752858, 12.218094
50, SIFT, BRIEF, 1137, 13.017200, 15.600691
51, SIFT, BRIEF, 1094, 18.883202, 17.982471
52, SIFT, BRIEF, 1062, nan, 32.736048
53, SIFT, BRIEF, 1096, nan, 61.871184
54, SIFT, BRIEF, 1141, nan, -109.603276
55, SIFT, BRIEF, 1095, nan, -104.330544
56, SIFT, BRIEF, 1125, nan, 244.562451
57, SIFT, BRIEF, 1047, nan, 500.601018
58, SIFT, BRIEF, 1130, nan, -255.353182
59, SIFT, BRIEF, 1129, nan, -423.221437
60, SIFT, BRIEF, 1170, nan, -628.780917

0, SIFT, FREAK, 0, 0, 0
1, SIFT, FREAK, 698, 12.320080, 11.263876
2, SIFT, FREAK, 697, 12.219899, 13.616375
3, SIFT, FREAK, 699, 14.746746, 13.541749
4, SIFT, FREAK, 692, 16.509510, 20.517709
5, SIFT, FREAK, 685, 15.583940, 15.163295
6, SIFT, FREAK, 692, 12.886679, 11.974439
7, SIFT, FREAK, 706, 11.981315, 14.618095
8, SIFT, FREAK, 711, 13.120670, 13.187204
9, SIFT, FREAK, 687, 13.020670, 15.037661
10, SIFT, FREAK, 723, 11.342427, 11.365715
11, SIFT, FREAK, 707, 12.588132, 16.192071
12, SIFT, FREAK, 741, 8.848173, 16.724659
13, SIFT, FREAK, 729, 9.960280, 10.045980
14, SIFT, FREAK, 759, 9.342840, 9.839243
15, SIFT, FREAK, 763, 8.363573, 8.987768
16, SIFT, FREAK, 794, 10.278060, 8.724386
17, SIFT, FREAK, 804, 9.611036, 9.287908
18, SIFT, FREAK, 811, 8.397584, 9.405968
19, SIFT, FREAK, 770, 8.842841, 9.052501
20, SIFT, FREAK, 802, 7.507805, 8.213584
21, SIFT, FREAK, 878, 6.721826, 12.973811
22, SIFT, FREAK, 860, 8.498739, 8.547581
23, SIFT, FREAK, 879, 8.080008, 12.045724
24, SIFT, FREAK, 883, 7.329854, 8.570486
25, SIFT, FREAK, 887, 6.985581, 9.711973
26, SIFT, FREAK, 981, 6.964027, 9.381441
27, SIFT, FREAK, 934, 6.943196, 11.890233
28, SIFT, FREAK, 912, 8.386108, 10.496400
29, SIFT, FREAK, 918, 6.608878, 10.459741
30, SIFT, FREAK, 877, 10.335058, 10.754057
31, SIFT, FREAK, 901, 10.056964, 10.978127
32, SIFT, FREAK, 937, 9.158701, 13.619140
33, SIFT, FREAK, 930, 6.936604, 10.814348
34, SIFT, FREAK, 919, 11.275957, 9.448930
35, SIFT, FREAK, 911, 8.573839, 8.874831
36, SIFT, FREAK, 922, 9.188342, 7.818651
37, SIFT, FREAK, 893, 6.791257, 8.558996
38, SIFT, FREAK, 901, 6.367849, 7.772404
39, SIFT, FREAK, 946, 6.892141, 7.227005
40, SIFT, FREAK, 882, 5.925724, 7.264013
41, SIFT, FREAK, 894, 5.661101, 14.296600
42, SIFT, FREAK, 905, 6.190135, 6.427378
43, SIFT, FREAK, 951, 6.497391, 6.922020
44, SIFT, FREAK, 917, 5.778564, 19.160217
45, SIFT, FREAK, 944, 7.144786, 7.737192
46, SIFT, FREAK, 898, 8.603588, 11.347846
47, SIFT, FREAK, 917, 8.201800, 9.047767
48, SIFT, FREAK, 926, 9.639516, 10.415412
49, SIFT, FREAK, 972, 12.752858, 11.710201
50, SIFT, FREAK, 927, 13.017200, 17.484320
51, SIFT, FREAK, 938, 18.883202, 18.385807
52, SIFT, FREAK, 901, nan, 35.792329
53, SIFT, FREAK, 935, nan, 74.704757
54, SIFT, FREAK, 1022, nan, -97.683544
55, SIFT, FREAK, 882, nan, -82.434104
56, SIFT, FREAK, 978, nan, 258.540951
57, SIFT, FREAK, 966, nan, 1162.189437
58, SIFT, FREAK, 977, nan, -275.739393
59, SIFT, FREAK, 938, nan, -307.997117
60, SIFT, FREAK, 1006, nan, -501.846943

0, SIFT, SIFT, 0, 0, 0
1, SIFT, SIFT, 1030, 12.320080, 11.385706
2, SIFT, SIFT, 987, 12.219899, 12.572759
3, SIFT, SIFT, 972, 14.746746, 12.942032
4, SIFT, SIFT, 964, 16.509510, 18.818469
5, SIFT, SIFT, 988, 15.583940, 12.478807
6, SIFT, SIFT, 967, 12.886679, 11.058538
7, SIFT, SIFT, 1011, 11.981315, 13.573451
8, SIFT, SIFT, 1036, 13.120670, 14.694148
9, SIFT, SIFT, 1008, 13.020670, 12.966380
10, SIFT, SIFT, 1003, 11.342427, 15.048675
11, SIFT, SIFT, 1084, 12.588132, 11.288742
12, SIFT, SIFT, 1060, 8.848173, 11.019636
13, SIFT, SIFT, 1107, 9.960280, 13.711641
14, SIFT, SIFT, 1125, 9.342840, 10.576077
15, SIFT, SIFT, 1107, 8.363573, 9.774980
16, SIFT, SIFT, 1173, 10.278060, 9.052616
17, SIFT, SIFT, 1183, 9.611036, 8.691578
18, SIFT, SIFT, 1158, 8.397584, 10.731704
19, SIFT, SIFT, 1160, 8.842841, 11.084966
20, SIFT, SIFT, 1222, 7.507805, 10.264487
21, SIFT, SIFT, 1256, 6.721826, 8.627960
22, SIFT, SIFT, 1266, 8.498739, 8.336666
23, SIFT, SIFT, 1322, 8.080008, 8.823489
24, SIFT, SIFT, 1269, 7.329854, 8.898185
25, SIFT, SIFT, 1330, 6.985581, 10.226372
26, SIFT, SIFT, 1348, 6.964027, 10.046959
27, SIFT, SIFT, 1314, 6.943196, 9.876750
28, SIFT, SIFT, 1284, 8.386108, 9.571637
29, SIFT, SIFT, 1267, 6.608878, 10.296901
30, SIFT, SIFT, 1245, 10.335058, 9.741862
31, SIFT, SIFT, 1236, 10.056964, 11.201768
32, SIFT, SIFT, 1302, 9.158701, 11.652969
33, SIFT, SIFT, 1265, 6.936604, 10.555155
34, SIFT, SIFT, 1291, 11.275957, 9.833021
35, SIFT, SIFT, 1270, 8.573839, 8.291780
36, SIFT, SIFT, 1306, 9.188342, 7.952913
37, SIFT, SIFT, 1290, 6.791257, 8.345897
38, SIFT, SIFT, 1279, 6.367849, 8.953113
39, SIFT, SIFT, 1276, 6.892141, 8.244062
40, SIFT, SIFT, 1260, 5.925724, 8.034100
41, SIFT, SIFT, 1262, 5.661101, 8.321485
42, SIFT, SIFT, 1336, 6.190135, 6.790126
43, SIFT, SIFT, 1302, 6.497391, 7.306242
44, SIFT, SIFT, 1289, 5.778564, 7.355492
45, SIFT, SIFT, 1261, 7.144786, 8.036814
46, SIFT, SIFT, 1286, 8.603588, 8.287481
47, SIFT, SIFT, 1279, 8.201800, 8.739933
48, SIFT, SIFT, 1334, 9.639516, 9.826121
49, SIFT, SIFT, 1352, 12.752858, 11.739466
50, SIFT, SIFT, 1331, 13.017200, 14.517847
51, SIFT, SIFT, 1346, 18.883202, 18.031035
52, SIFT, SIFT, 1325, nan, 30.225799
53, SIFT, SIFT, 1359, nan, 75.052122
54, SIFT, SIFT, 1477, nan, -135.775096
55, SIFT, SIFT, 1310, nan, -85.475342
56, SIFT, SIFT, 1311, nan, 269.544218
57, SIFT, SIFT, 1431, nan, -1129.720096
58, SIFT, SIFT, 1452, nan, -201.581806
59, SIFT, SIFT, 1370, nan, -311.963674
60, SIFT, SIFT, 1474, nan, -5674.011991
